[
  {
    "CreateDate": null,
    "LastUpdateDate": null,
    "CreateUserID": null,
    "LastUpdateUserID": null,
    "Title": "贝伐珠单抗联合卡铂与紫杉醇一线治疗\u003cbr/\u003e 晚期非鳞NSCLC患者疗效及安全性\u003cbr/\u003e 数据简介",
    "Author": "刘珍",
    "Avatar": "http://cdn.edstatic.com/202003120126/853f5b8b4e54ae1f9327b0f36cdd0c1b/2017/03/94222698-d7d2-bbf2-3a78-7cf8b2d8d74f.jpg",
    "Cover": "http://cdn.edstatic.com/202003120126/c0d6a818b5d30b4d35f4283545f5a1a8/2017/03/0633f466-08e6-572e-ea66-61aabd8f1485.jpg",
    "Summary": "",
    "Content": "",
    "SortValue": null,
    "PlayNumber": null,
    "LikeNumber": null,
    "CommentNumber": null,
    "DataConfigFIle": "",
    "ID": 1,
    "IsDeleted": false
  },
  {
    "CreateDate": null,
    "LastUpdateDate": null,
    "CreateUserID": null,
    "LastUpdateUserID": null,
    "Title": "结直肠癌疾病基础与治疗",
    "Author": "李晨",
    "Avatar": "http://cdn.edstatic.com/202003120126/eabd1b418f71a92fba61b98661f124f2/2017/03/d132a352-8e9c-8a94-5b05-7156984fc0a6.jpg",
    "Cover": "http://cdn.edstatic.com/202003120126/9012ef4723a2554c7425ebf67f736597/2017/03/881a8449-b9b8-8fe5-2dd2-3b9206e87125.jpg",
    "Summary": "",
    "Content": "",
    "SortValue": null,
    "PlayNumber": null,
    "LikeNumber": null,
    "CommentNumber": null,
    "DataConfigFIle": "",
    "ID": 2,
    "IsDeleted": false
  },
  {
    "CreateDate": null,
    "LastUpdateDate": null,
    "CreateUserID": null,
    "LastUpdateUserID": null,
    "Title": "安维汀结直肠癌\u003cbr/\u003e关键临床研究解读",
    "Author": "李晨",
    "Avatar": "http://cdn.edstatic.com/202003120126/eabd1b418f71a92fba61b98661f124f2/2017/03/d132a352-8e9c-8a94-5b05-7156984fc0a6.jpg",
    "Cover": "http://cdn.edstatic.com/202003120126/7b13fee001b784088f59ff46584969f5/2017/03/84fe9881-2604-8f73-161d-19e904dceb9a.jpg",
    "Summary": "",
    "Content": "",
    "SortValue": null,
    "PlayNumber": null,
    "LikeNumber": null,
    "CommentNumber": null,
    "DataConfigFIle": "",
    "ID": 3,
    "IsDeleted": false
  }
]
