{
  "CreateDate": null,
  "LastUpdateDate": null,
  "CreateUserID": null,
  "LastUpdateUserID": null,
  "Title": "贝伐珠单抗联合卡铂与紫杉醇一线治疗\u003cbr/\u003e 晚期非鳞NSCLC患者疗效及安全性\u003cbr/\u003e 数据简介",
  "Author": "刘珍",
  "Avatar": "http://cdn.edstatic.com/202003120126/853f5b8b4e54ae1f9327b0f36cdd0c1b/2017/03/94222698-d7d2-bbf2-3a78-7cf8b2d8d74f.jpg",
  "Cover": "http://cdn.edstatic.com/202003120126/c0d6a818b5d30b4d35f4283545f5a1a8/2017/03/0633f466-08e6-572e-ea66-61aabd8f1485.jpg",
  "Summary": "",
  "Content": "",
  "SortValue": null,
  "PlayNumber": null,
  "LikeNumber": null,
  "CommentNumber": null,
  "DataConfigFIle": "/static/video-1.json",
  "ID": 1,
  "IsDeleted": false
}
