<?xml version="1.0"?>
<doc>
    <assembly>
        <name>DbUtility</name>
    </assembly>
    <members>
        <member name="T:DbUtility.ColumnAttribute">
            <summary>
            自定义属性，用于指示如何从DataTable或者DbDataReader中读取类的属性值
            </summary>
        </member>
        <member name="M:DbUtility.ColumnAttribute.#ctor(System.String,System.Boolean,System.Boolean,System.Boolean)">
            <summary>
            构造函数
            </summary>
            <param name="columnName">类属性对应的列名</param>
            <param name="isFilter">是否过滤</param>
            <param name="isPrimaryKey">是否是主键</param>
            <param name="canNull">是否可为空</param>
        </member>
        <member name="P:DbUtility.ColumnAttribute.ColumnName">
            <summary>
            类属性对应的列名
            </summary>
        </member>
        <member name="P:DbUtility.ColumnAttribute.IsFilter">
            <summary>
            类属性是否排除参加拼写SQL语句
            </summary>
        </member>
        <member name="P:DbUtility.ColumnAttribute.IsPrimaryKey">
            <summary>
            类属性是否主键(自增)
            </summary>
        </member>
        <member name="P:DbUtility.ColumnAttribute.CanNull">
            <summary>
            能否为空
            </summary>
        </member>
        <member name="P:DbUtility.ColumnAttribute.Value">
            <summary>
            列值
            </summary>
        </member>
        <member name="T:DbUtility.DBContext">
            <summary>
            数据库操作执行
            </summary>
        </member>
        <member name="M:DbUtility.DBContext.#ctor">
            <summary>
            构造函数
            </summary>
        </member>
        <member name="M:DbUtility.DBContext.#ctor(System.String)">
            <summary>
            构造函数
            </summary>
            <param name="connectionString">数据库连接字符串</param>
        </member>
        <member name="M:DbUtility.DBContext.ExecuteNonQuerySql(System.String)">
            <summary>   
            对数据库执行增删改操作，返回受影响的行数。   
            </summary>   
            <param name="sql">要执行的增删改的SQL语句</param>   
            <returns></returns>  
        </member>
        <member name="M:DbUtility.DBContext.ExecuteNonQuerySql(System.String,System.Collections.Generic.IList{System.Data.Common.DbParameter})">
            <summary>   
            对数据库执行增删改操作，返回受影响的行数。   
            </summary>   
            <param name="sql">要执行的增删改的SQL语句</param>   
            <param name="parameters">执行增删改语句所需要的参数</param>
            <returns></returns>  
        </member>
        <member name="M:DbUtility.DBContext.ExecuteNonQueryProc(System.String)">
            <summary>   
            对数据库执行增删改操作，返回受影响的行数。   
            </summary>   
            <param name="sql">要执行的存储过程</param>   
            <returns></returns>  
        </member>
        <member name="M:DbUtility.DBContext.ExecuteNonQueryProc(System.String,System.Collections.Generic.IList{System.Data.Common.DbParameter})">
            <summary>   
            对数据库执行增删改操作，返回受影响的行数。   
            </summary>   
            <param name="sql">要执行的存储过程</param>   
            <param name="parameters">执行增删改语句所需要的参数</param>
            <returns></returns>  
        </member>
        <member name="M:DbUtility.DBContext.ExecuteNonQuery(System.String,System.Collections.Generic.IList{System.Data.Common.DbParameter},System.Data.CommandType)">
            <summary>   
            对数据库执行增删改操作，返回受影响的行数。   
            </summary>   
            <param name="sql">要执行的增删改的SQL语句</param>   
            <param name="parameters">执行增删改语句所需要的参数</param>
            <param name="commandType">执行的SQL语句的类型</param>
            <returns></returns>
        </member>
        <member name="M:DbUtility.DBContext.ExecuteDataTableSql(System.String)">
            <summary>   
            执行一个查询语句，返回一个包含查询结果的DataTable   
            </summary>   
            <param name="sql">要执行的查询语句</param>   
            <returns></returns>
        </member>
        <member name="M:DbUtility.DBContext.ExecuteDataTableSql(System.String,System.Collections.Generic.IList{System.Data.Common.DbParameter})">
            <summary>   
            执行一个查询语句，返回一个包含查询结果的DataTable   
            </summary>   
            <param name="sql">要执行的查询语句</param>   
            <param name="parameters">执行SQL查询语句所需要的参数</param>
            <returns></returns>
        </member>
        <member name="M:DbUtility.DBContext.ExecuteDataTableProc(System.String)">
            <summary>   
            执行一个查询语句，返回一个包含查询结果的DataTable   
            </summary>   
            <param name="sql">要执行的存储过程</param>   
            <returns></returns>
        </member>
        <member name="M:DbUtility.DBContext.ExecuteDataTableProc(System.String,System.Collections.Generic.IList{System.Data.Common.DbParameter})">
            <summary>   
            执行一个查询语句，返回一个包含查询结果的DataTable   
            </summary>   
            <param name="sql">要执行的存储过程</param>   
            <param name="parameters">执行SQL查询语句所需要的参数</param>
            <returns></returns>
        </member>
        <member name="M:DbUtility.DBContext.ExecuteDataTableSchema(System.String)">
            <summary>   
            执行一个查询语句，返回表列名和类型
            </summary>   
            <param name="sql">要执行的查询语句</param>   
            <returns></returns>
        </member>
        <member name="M:DbUtility.DBContext.ExecuteDataTableSchema(System.String,System.Collections.Generic.IList{System.Data.Common.DbParameter})">
            <summary>   
            执行一个查询语句，返回表列名和类型
            </summary>   
            <param name="sql">要执行的查询语句</param>   
            <param name="parameters">执行SQL查询语句所需要的参数</param>
            <returns></returns>
        </member>
        <member name="M:DbUtility.DBContext.ExecuteDataTable(System.String,System.Collections.Generic.IList{System.Data.Common.DbParameter},System.Data.CommandType,System.Nullable{System.Data.SchemaType})">
            <summary>   
            执行一个查询语句，返回一个包含查询结果的DataTable   
            </summary>   
            <param name="sql">要执行的查询语句</param>   
            <param name="parameters">执行SQL查询语句所需要的参数</param>
            <param name="commandType">执行的SQL语句的类型</param>
            <param name="schemaType">是否映射表结构</param>
            <returns></returns>
        </member>
        <member name="M:DbUtility.DBContext.ObjectToInsertSql``1(``0)">
            <summary>
            新增
            </summary>
            <typeparam name="T"></typeparam>
            <param name="t"></param>
            <returns></returns>
        </member>
        <member name="M:DbUtility.DBContext.ObjectToUpdateSql``1(``0,``0,System.String)">
            <summary>
            修改
            </summary>
            <typeparam name="T"></typeparam>
            <param name="t">修改内容</param>
            <param name="w">修改条件</param>
            <param name="whereSql">附加条件</param>
            <returns></returns>
        </member>
        <member name="M:DbUtility.DBContext.ObjectToDeleteSql``1(``0,System.String)">
            <summary>
            删除（标记删除）
            </summary>
            <typeparam name="T"></typeparam>
            <param name="w"></param>
            <param name="whereSql"></param>
            <returns></returns>
        </member>
        <member name="M:DbUtility.DBContext.ObjectToRemoveSql``1(``0,System.String)">
            <summary>
            删除（物理删除）
            </summary>
            <typeparam name="T"></typeparam>
            <param name="w"></param>
            <param name="whereSql"></param>
            <returns></returns>
        </member>
        <member name="M:DbUtility.DBContext.ObjectToSearchSql``1(System.String[],``0,System.String,System.String)">
            <summary>
            查询
            </summary>
            <typeparam name="T"></typeparam>
            <param name="selectColumns">查询字段</param>
            <param name="w">实体对象条件</param>
            <param name="whereSql">附加条件</param>
            <param name="orderBy">排序</param>
            <returns></returns>
        </member>
        <member name="M:DbUtility.DBContext.ObjectToSearchSql``1(``0,System.Int32,System.Int32,System.String,System.String,System.Int32@)">
            <summary>
            分页查询
            </summary>
            <typeparam name="T"></typeparam>
            <param name="w"></param>
            <param name="pageIndex">当前页（默认1）</param>
            <param name="pageSize">本页多少条数据</param>
            <param name="whereSql">附加条件</param>
            <param name="orderBy">排序</param>
            <param name="totalItemCount">返回总数量</param>
            <returns></returns>
        </member>
        <member name="M:DbUtility.DBContext.ObjectToMaxSql``1(``0)">
            <summary>
            获取表中ID最大值
            </summary>
            <typeparam name="T"></typeparam>
            <param name="t"></param>
            <returns></returns>
        </member>
        <member name="M:DbUtility.DBContext.GetColumnAttribute``1(System.Type,``0)">
            <summary>
            获取该类型中属性的自定义特性列表
            </summary>
            <param name="type"></param>
        </member>
        <member name="M:DbUtility.DBContext.CreateDbParameter(System.String,System.Data.ParameterDirection,System.Object)">
            <summary>
            创建参数
            </summary>
            <param name="name"></param>
            <param name="parameterDirection"></param>
            <param name="value"></param>
            <returns></returns>
        </member>
        <member name="M:DbUtility.DBContext.WhereColumns``1(``0,System.Text.StringBuilder@,System.Collections.Generic.List{System.Data.Common.DbParameter}@)">
            <summary>
            获取对象条件
            </summary>
            <typeparam name="T"></typeparam>
            <param name="w"></param>
            <param name="where"></param>
            <param name="DbParameters"></param>
        </member>
        <member name="P:DbUtility.DBContext.ConnectionString">
            <summary>
            数据库连接字符串
            </summary>
        </member>
        <member name="T:DbUtility.EntityBase">
            <summary>
            实例对象基本结构
            </summary>
        </member>
        <member name="F:DbUtility.EntityBase._ChangedList">
            <summary>
            属性更改通知
            </summary>
        </member>
        <member name="F:DbUtility.EntityBase._id">
             <summary>
            id
             </summary>
        </member>
        <member name="F:DbUtility.EntityBase._isdeleted">
             <summary>
            isdeleted
             </summary>
        </member>
        <member name="P:DbUtility.EntityBase.ChangedList">
            <summary>
            属性更改通知
            </summary>
        </member>
        <member name="E:DbUtility.EntityBase.PropertyChanged">
            <summary>
            客户端通知事件
            </summary>
        </member>
        <member name="P:DbUtility.EntityBase.ID">
             <summary>
            id
             </summary>
        </member>
        <member name="P:DbUtility.EntityBase.IsDeleted">
             <summary>
            isdeleted
             </summary>
        </member>
        <member name="T:DbUtility.EntityReader">
            <summary>
            对应实体与数据库中的表
            关联SQL和实体属性
            </summary>
        </member>
        <!-- 对于成员“M:DbUtility.EntityReader.GetEntities``1(System.Data.DataTable)”忽略有格式错误的 XML 注释 -->
        <member name="M:DbUtility.EntityReader.GetValueFromObject(System.Object,System.Type)">
            <summary>
            将指定的 Object 的值转换为指定类型的值。
            </summary>
            <param name="value">实现 IConvertible 接口的 Object，或者为 null</param>
            <param name="targetType">要转换的目标数据类型</param>
            <returns></returns>
        </member>
        <member name="M:DbUtility.EntityReader.GetComplexEntities``1(System.Data.DataTable)">
            <summary>
            从DataTable中读取复杂数据类型集合
            </summary>
            <typeparam name="T">要转换的目标数据类型</typeparam>
            <param name="dataTable">包含有可以转换成数据类型T的数据集合</param>
            <returns></returns>
        </member>
        <!-- 对于成员“M:DbUtility.EntityReader.GetEntitiesForList``1(System.Data.DataTable)”忽略有格式错误的 XML 注释 -->
        <member name="M:DbUtility.EntityReader.GetSimpleEntities``1(System.Data.DataTable)">
            <summary>
            从DataTable中将每一行的第一列转换成T类型的数据
            </summary>
            <typeparam name="T">要转换的目标数据类型</typeparam>
            <param name="dataTable">包含有可以转换成数据类型T的数据集合</param>
            <returns></returns>
        </member>
        <member name="M:DbUtility.EntityReader.GetSimpleEntities``1(System.Data.Common.DbDataReader)">
            <summary>
            从DbDataReader的实例中读取简单数据类型（String,ValueType)
            </summary>
            <typeparam name="T">目标数据类型</typeparam>
            <param name="reader">DbDataReader的实例</param>
            <returns></returns>
        </member>
        <member name="M:DbUtility.EntityReader.GetString(System.Object)">
            <summary>
            将Object转换成字符串类型
            </summary>
            <param name="value">object类型的实例</param>
            <returns></returns>
        </member>
        <member name="M:DbUtility.EntityReader.GetEnum(System.Object,System.Type)">
            <summary>
            将指定的 Object 的值转换为指定枚举类型的值。
            </summary>
            <param name="value">实现 IConvertible 接口的 Object，或者为 null</param>
            <param name="targetType"></param>
            <returns></returns>
        </member>
        <member name="M:DbUtility.EntityReader.GetBoolean(System.Object)">
            <summary>
            将指定的 Object 的值转换为指定枚举类型的值。
            </summary>
            <param name="value">实现 IConvertible 接口的 Object，或者为 null</param>
            <returns></returns>
        </member>
        <member name="M:DbUtility.EntityReader.GetByte(System.Object)">
            <summary>
            将指定的 Object 的值转换为指定枚举类型的值。
            </summary>
            <param name="value">实现 IConvertible 接口的 Object，或者为 null</param>
            <returns></returns>
        </member>
        <member name="M:DbUtility.EntityReader.GetSByte(System.Object)">
            <summary>
            将指定的 Object 的值转换为指定枚举类型的值。
            </summary>
            <param name="value">实现 IConvertible 接口的 Object，或者为 null</param>
            <returns></returns>
        </member>
        <member name="M:DbUtility.EntityReader.GetChar(System.Object)">
            <summary>
            将指定的 Object 的值转换为指定枚举类型的值。
            </summary>
            <param name="value">实现 IConvertible 接口的 Object，或者为 null</param>
            <returns></returns>
        </member>
        <member name="M:DbUtility.EntityReader.GetGuid(System.Object)">
            <summary>
            将指定的 Object 的值转换为指定枚举类型的值。
            </summary>
            <param name="value">实现 IConvertible 接口的 Object，或者为 null</param>
            <returns></returns>
        </member>
        <member name="M:DbUtility.EntityReader.GetInt16(System.Object)">
            <summary>
            将指定的 Object 的值转换为指定枚举类型的值。
            </summary>
            <param name="value">实现 IConvertible 接口的 Object，或者为 null</param>
            <returns></returns>
        </member>
        <member name="M:DbUtility.EntityReader.GetUInt16(System.Object)">
            <summary>
            将指定的 Object 的值转换为指定枚举类型的值。
            </summary>
            <param name="value">实现 IConvertible 接口的 Object，或者为 null</param>
            <returns></returns>
        </member>
        <member name="M:DbUtility.EntityReader.GetInt32(System.Object)">
            <summary>
            将指定的 Object 的值转换为指定枚举类型的值。
            </summary>
            <param name="value">实现 IConvertible 接口的 Object，或者为 null</param>
            <returns></returns>
        </member>
        <member name="M:DbUtility.EntityReader.GetUInt32(System.Object)">
            <summary>
            将指定的 Object 的值转换为指定枚举类型的值。
            </summary>
            <param name="value">实现 IConvertible 接口的 Object，或者为 null</param>
            <returns></returns>
        </member>
        <member name="M:DbUtility.EntityReader.GetInt64(System.Object)">
            <summary>
            将指定的 Object 的值转换为指定枚举类型的值。
            </summary>
            <param name="value">实现 IConvertible 接口的 Object，或者为 null</param>
            <returns></returns>
        </member>
        <member name="M:DbUtility.EntityReader.GetUInt64(System.Object)">
            <summary>
            将指定的 Object 的值转换为指定枚举类型的值。
            </summary>
            <param name="value">实现 IConvertible 接口的 Object，或者为 null</param>
            <returns></returns>
        </member>
        <member name="M:DbUtility.EntityReader.GetSingle(System.Object)">
            <summary>
            将指定的 Object 的值转换为指定枚举类型的值。
            </summary>
            <param name="value">实现 IConvertible 接口的 Object，或者为 null</param>
            <returns></returns>
        </member>
        <member name="M:DbUtility.EntityReader.GetDouble(System.Object)">
            <summary>
            将指定的 Object 的值转换为指定枚举类型的值。
            </summary>
            <param name="value">实现 IConvertible 接口的 Object，或者为 null</param>
            <returns></returns>
        </member>
        <member name="M:DbUtility.EntityReader.GetDecimal(System.Object)">
            <summary>
            将指定的 Object 的值转换为指定枚举类型的值。
            </summary>
            <param name="value">实现 IConvertible 接口的 Object，或者为 null</param>
            <returns></returns>
        </member>
        <member name="M:DbUtility.EntityReader.GetDateTime(System.Object)">
            <summary>
            将指定的 Object 的值转换为指定枚举类型的值。
            </summary>
            <param name="value">实现 IConvertible 接口的 Object，或者为 null</param>
            <returns></returns>
        </member>
        <member name="M:DbUtility.EntityReader.GetTimeSpan(System.Object)">
            <summary>
            将指定的 Object 的值转换为指定枚举类型的值。
            </summary>
            <param name="value">实现 IConvertible 接口的 Object，或者为 null</param>
            <returns></returns>
        </member>
        <member name="M:DbUtility.EntityReader.GetBinary(System.Object)">
            <summary>
            将指定的 Object 的值转换为指定枚举类型的值。
            </summary>
            <param name="value">实现 IConvertible 接口的 Object，或者为 null</param>
            <returns></returns>
        </member>
        <member name="M:DbUtility.EntityReader.GetGenericValueFromObject(System.Object,System.Type)">
            <summary>
            将Object类型数据转换成对应的可空数值类型表示
            </summary>
            <param name="value">实现 IConvertible 接口的 Object，或者为 null</param>
            <param name="targetType">可空数值类型</param>
            <returns></returns>
        </member>
        <member name="M:DbUtility.EntityReader.GetNonGenericValueFromObject(System.Object,System.Type)">
            <summary>
            将指定的 Object 的值转换为指定类型的值。
            </summary>
            <param name="value">实现 IConvertible 接口的 Object，或者为 null</param>
            <param name="targetType">目标对象的类型</param>
            <returns></returns>
        </member>
        <member name="M:DbUtility.EntityReader.GenerateTypePropertyMapping(System.Type)">
            <summary>
            获取该类型中属性与数据库字段的对应关系映射
            </summary>
            <param name="type"></param>
        </member>
        <member name="T:EntityService">
            <summary>
            数据库实体对象操作父类
            </summary>
        </member>
        <member name="M:EntityService.#ctor">
            <summary>
            实例化
            </summary>
        </member>
        <member name="M:EntityService.#ctor(System.String)">
            <summary>
            实例化
            </summary>
            <param name="connectionString">数据库连接</param>
        </member>
        <member name="M:EntityService.Create``1(``0)">
            <summary>
            创建对象
            </summary>
            <typeparam name="T">对象</typeparam>
            <param name="t">添加的实体对象</param>
            <returns></returns>
        </member>
        <member name="M:EntityService.Create``1(``0,System.Int32@)">
            <summary>
            创建并返回主键ID值
            </summary>
            <typeparam name="T">对象</typeparam>
            <param name="t">创建的实体对象</param>    
            <param name="ID">返回数据ID</param>
            <returns></returns>
        </member>
        <member name="M:EntityService.Update``1(``0)">
            <summary>
            修改对象
            </summary>
            <typeparam name="T">对象</typeparam>
            <param name="t">修改的实体对象内容（注意：主键ID值不能为空,以ID为条件）</param>
            <returns></returns>
        </member>
        <member name="M:EntityService.Update``1(``0,``0)">
            <summary>
            修改对象
            </summary>
            <typeparam name="T">对象</typeparam>
            <param name="t">修改的实体对象内容</param>
            <param name="w">修改的实体对象条件</param>
            <returns></returns>
        </member>
        <member name="M:EntityService.Update``1(``0,System.String)">
            <summary>
            修改对象
            </summary>
            <typeparam name="T">对象</typeparam>
            <param name="t">修改的实体对象内容</param>
            <param name="whereSql">SQL语句条件</param>
            <returns></returns>
        </member>
        <member name="M:EntityService.Update``1(``0,``0,System.String)">
            <summary>
            修改对象
            </summary>
            <typeparam name="T">对象</typeparam>
            <param name="t">修改的实体对象内容</param>
            <param name="w">修改的实体对象条件</param>
            <param name="whereSql">SQL语句条件</param>
            <returns></returns>
        </member>
        <member name="M:EntityService.Delete``1(System.Int32)">
            <summary>
            标记删除
            </summary>
            <typeparam name="T">对象</typeparam>
            <param name="ID">对象主键ID</param>
            <returns></returns>
        </member>
        <member name="M:EntityService.Delete``1(``0)">
            <summary>
            标记删除
            </summary>
            <typeparam name="T">对象</typeparam>
            <param name="w">删除的实体对象条件</param>
            <returns></returns>
        </member>
        <member name="M:EntityService.Delete``1(``0,System.String)">
            <summary>
            标记删除
            </summary>
            <typeparam name="T">对象</typeparam>
            <param name="w">删除的实体对象条件</param>
            <param name="whereSql">SQL语句条件</param>
            <returns></returns>
        </member>
        <member name="M:EntityService.Deletes``1(System.Collections.Generic.List{System.Int32})">
            <summary>
            标记删除
            </summary>
            <typeparam name="T">对象</typeparam>
            <param name="ids">对象主键ID</param>
            <returns></returns>
        </member>
        <member name="M:EntityService.Remove``1(System.Int32)">
            <summary>
            彻底删除
            </summary>
            <typeparam name="T">对象</typeparam>
            <param name="ID">对象主键ID</param>
            <returns></returns>
        </member>
        <member name="M:EntityService.Remove``1(``0)">
            <summary>
            彻底删除
            </summary>
            <typeparam name="T">对象</typeparam>
            <param name="w">删除的实体对象条件</param>
            <returns></returns>
        </member>
        <member name="M:EntityService.Remove``1(``0,System.String)">
            <summary>
            彻底删除
            </summary>
            <typeparam name="T">对象</typeparam>
            <param name="w">删除的实体对象条件</param>
            <param name="whereSql">SQL语句条件</param>
            <returns></returns>
        </member>
        <member name="M:EntityService.Removes``1(System.Collections.Generic.List{System.Int32})">
            <summary>
            彻底删除
            </summary>
            <typeparam name="T">对象</typeparam>
            <param name="ids">对象主键ID</param>
            <returns></returns>
        </member>
        <member name="M:EntityService.GetObject``1(System.Int32)">
            <summary>
            获取对象
            </summary>
            <typeparam name="T">对象</typeparam>
            <param name="ID">对象ID</param>
            <returns></returns>
        </member>
        <member name="M:EntityService.GetObject``1(``0)">
            <summary>
            获取对象
            </summary>
            <typeparam name="T">对象</typeparam>
            <param name="w">查询对象条件</param>
            <returns></returns>
        </member>
        <member name="M:EntityService.GetObject``1(``0,System.String)">
            <summary>
            获取对象
            </summary>
            <typeparam name="T">对象</typeparam>
            <param name="w">查询对象条件</param>
            <param name="whereSql">SQL语句条件</param>
            <returns></returns>
        </member>
        <member name="M:EntityService.GetObjectAll``1(``0,System.String)">
            <summary>
            获取对象(包括标记删除数据)
            </summary>
            <typeparam name="T"></typeparam>
            <param name="w">查询对象条件</param>
            <param name="whereSql">SQL语句条件</param>
            <returns></returns>
        </member>
        <member name="M:EntityService.GetObject``1(System.String)">
            <summary>
            获取对象
            </summary>
            <typeparam name="T">对象</typeparam>
            <param name="selectSql">查询SQL语句</param>
            <returns></returns>
        </member>
        <member name="M:EntityService.GetObjects``1">
            <summary>
            获取对象集合
            </summary>
            <typeparam name="T">对象</typeparam>    
            <returns></returns>
        </member>
        <member name="M:EntityService.GetObjects``1(``0)">
            <summary>
            获取对象集合
            </summary>
            <typeparam name="T">对象</typeparam>    
            <param name="w">查询对象条件</param>
            <returns></returns>
        </member>
        <member name="M:EntityService.GetObjects``1(``0,System.String)">
            <summary>
            获取对象集合
            </summary>
            <typeparam name="T">对象</typeparam>
            <param name="w">查询对象条件</param>
            <param name="whereSql">SQL语句条件</param>
            <returns></returns>
        </member>
        <member name="M:EntityService.GetObjects``1(``0,System.String,System.String)">
            <summary>
            获取对象集合
            </summary>
            <typeparam name="T">对象</typeparam>
            <param name="w">查询对象条件</param>
            <param name="whereSql">SQL语句条件</param>
            <param name="orderBy">排序（多字段时，使用","分开）</param>    
            <returns></returns>
        </member>
        <member name="M:EntityService.GetObjectsAll``1(``0,System.String,System.String)">
            <summary>
            获取对象集合(包括标记删除数据)
            </summary>
            <typeparam name="T">对象</typeparam>
            <param name="w">查询对象条件</param>
            <param name="whereSql">SQL语句条件</param>
            <param name="orderBy">排序（多字段时，使用","分开）</param>    
            <returns></returns>
        </member>
        <member name="M:EntityService.GetObjects``1(System.String)">
            <summary>
            获取对象集合
            </summary>
            <typeparam name="T">对象</typeparam>
            <param name="selectSql">查询SQL语句</param>
            <returns></returns>
        </member>
        <member name="M:EntityService.GetPagedObjects``1(``0,System.Int32,System.Int32)">
            <summary>
            获取对象分页集合
            </summary>
            <typeparam name="T">对象</typeparam>
            <param name="w">查询对象条件</param>    
            <param name="pageIndex">当前页（默认1）</param>
            <param name="pageSize">本页多少条数据</param>
            <returns></returns>
        </member>
        <member name="M:EntityService.GetPagedObjects``1(``0,System.Int32,System.Int32,System.String)">
            <summary>
            获取对象分页集合
            </summary>
            <typeparam name="T">对象</typeparam>
            <param name="w">查询对象条件</param>    
            <param name="pageIndex">当前页（默认1）</param>
            <param name="pageSize">本页多少条数据</param>
            <param name="whereSql">SQL语句条件</param>
            <returns></returns>
        </member>
        <member name="M:EntityService.GetPagedObjects``1(``0,System.Int32,System.Int32,System.String,System.String)">
            <summary>
            获取对象分页集合
            </summary>
            <typeparam name="T">对象</typeparam>
            <param name="w">查询对象条件</param>   
            <param name="pageIndex">当前页（默认1）</param>
            <param name="pageSize">本页多少条数据</param>
            <param name="whereSql">SQL语句条件</param>
            <param name="orderBy">排序（多字段时，使用","分开）</param>    
            <returns></returns>
        </member>
        <member name="M:EntityService.GetPagedObjectsAll``1(``0,System.Int32,System.Int32,System.String,System.String)">
            <summary>
            获取对象分页集合(包括标记删除数据)
            </summary>
            <typeparam name="T">对象</typeparam>
            <param name="w">查询对象条件</param>   
            <param name="pageIndex">当前页（默认1）</param>
            <param name="pageSize">本页多少条数据</param>
            <param name="whereSql">SQL语句条件</param>
            <param name="orderBy">排序（多字段时，使用","分开）</param>    
            <returns></returns>
        </member>
        <member name="M:EntityService.GetPagedObjects``1(System.String,System.Int32,System.Int32,System.Int32)">
            <summary>
            获取对象分页集合
            </summary>
            <typeparam name="T"></typeparam>
            <param name="selectSql">查询SQL语句</param>
            <param name="pageIndex"></param>
            <param name="pageSize"></param>
            <param name="totalItemCount"></param>
            <returns></returns>
        </member>
        <member name="M:EntityService.GetDataTables``1(``0)">
            <summary>
            获取数据库表数据
            </summary>
            <typeparam name="T">对象</typeparam>    
            <param name="w">实体对象条件</param>    
            <returns></returns>
        </member>
        <member name="M:EntityService.GetDataTables``1(System.String[],``0)">
            <summary>
            获取数据库表数据
            </summary>
            <typeparam name="T">对象</typeparam>
            <param name="selectColumns">查询字段</param>
            <param name="w">实体对象条件</param>
            <returns></returns>
        </member>
        <member name="M:EntityService.GetDataTables``1(System.String[],``0,System.String)">
            <summary>
            获取数据库表数据
            </summary>
            <typeparam name="T">对象</typeparam>
            <param name="selectColumns">查询字段</param>
            <param name="w">实体对象条件</param>
            <param name="whereSql">附加条件</param>
            <returns></returns>
        </member>
        <member name="M:EntityService.GetDataTables``1(System.String[],``0,System.String,System.String)">
            <summary>
            获取数据库表数据
            </summary>
            <typeparam name="T">对象</typeparam>
            <param name="selectColumns">查询字段</param>
            <param name="w">实体对象条件</param>
            <param name="whereSql">附加条件</param>
            <param name="orderBy">排序（多字段时，使用","分开）</param>    
            <returns></returns>
        </member>
        <member name="M:EntityService.GetDataTables(System.String)">
            <summary>
            获取数据库表数据
            </summary>
            <param name="selectSql">查询SQL语句</param>
            <returns></returns>
        </member>
        <member name="M:EntityService.GetExist``1(System.Int32)">
            <summary>
            获取对象是否存在数据库
            </summary>
            <typeparam name="T"></typeparam>
            <param name="ID">对象ID</param>
            <returns></returns>
        </member>
        <member name="M:EntityService.GetExist``1(``0)">
            <summary>
            获取对象是否存在数据库
            </summary>
            <typeparam name="T"></typeparam>
            <param name="w"></param>
            <returns></returns>
        </member>
        <member name="M:EntityService.GetExist``1(``0,System.String)">
            <summary>
            获取对象是否存在数据库
            </summary>
            <typeparam name="T"></typeparam>
            <param name="w">查询对象条件</param>
            <param name="whereSql">SQL语句条件</param>
            <returns></returns>
        </member>
        <member name="M:EntityService.GetExistAll``1(``0,System.String)">
            <summary>
            获取对象是否存在数据库(包括标记删除数据)
            </summary>
            <typeparam name="T"></typeparam>
            <param name="w">查询对象条件</param>
            <param name="whereSql">SQL语句条件</param>
            <returns></returns>
        </member>
        <member name="P:EntityService.db">
            <summary>
            数据库操作类
            </summary>
        </member>
        <member name="T:DbUtility.EntityPagedList`1">
            <summary>
            实体对象 内部封装分页用
            </summary>
            <typeparam name="T"></typeparam>
        </member>
        <member name="M:DbUtility.EntityPagedList`1.#ctor(System.Collections.Generic.IList{`0},System.Int32,System.Int32,System.Int32)">
            <summary>
            实例化对象
            </summary>
            <param name="t"></param>
            <param name="pageIndex"></param>
            <param name="pageSize"></param>
            <param name="totalItemCount"></param>
        </member>
        <member name="P:DbUtility.EntityPagedList`1.PageList">
            <summary>
            当前页数据列表
            </summary>
        </member>
        <member name="P:DbUtility.EntityPagedList`1.PageSize">
            <summary>
            每页数量
            </summary>
        </member>
        <member name="P:DbUtility.EntityPagedList`1.PageIndex">
            <summary>
            当前第几页
            </summary>
        </member>
        <member name="P:DbUtility.EntityPagedList`1.TotalItemCount">
            <summary>
            总共多少条数据
            </summary>
        </member>
    </members>
</doc>
