<?xml version="1.0"?>
<doc>
    <assembly>
        <name>Common</name>
    </assembly>
    <members>
        <member name="T:Common.ADSLHelper">
            <summary>
            类说明：ADSL重新连接、拨号  
            </summary>
        </member>
        <member name="M:Common.ADSLHelper.#ctor(Common.ADSLHelper.ConnectionNotify,System.Double)">
            <summary>  
            构造方法
            </summary>  
            <param name="ConnectionDelegate">连接通知委托</param>  
            <param name="interval"></param>  
        </member>
        <member name="M:Common.ADSLHelper.CreateEntry(System.Int32,System.String@)">
            <summary>  
            创建条目  
            </summary>  
            <param name="hWnd">柄</param>  
            <param name="strError">错误</param>  
            <returns>结果</returns>  
        </member>
        <member name="M:Common.ADSLHelper.DeleteEntry(System.String,System.String@)">
            <summary>  
            删除条目  
            </summary>  
            <param name="strEntryName">条目名称</param>  
            <param name="strError">错误</param>  
            <returns>结果</returns>  
        </member>
        <member name="M:Common.ADSLHelper.DialUp(System.String,System.String@)">
            <summary>  
            拨号  
            </summary>  
            <param name="strEntryName">条目名称</param>  
            <param name="strError">错误</param>  
            <returns>结果</returns>  
        </member>
        <member name="M:Common.ADSLHelper.EditEntry(System.Int32,System.String,System.String@)">
            <summary>  
            编辑条目  
            </summary>  
            <param name="hWnd">柄</param>  
            <param name="strEntryName">条目名称</param>  
            <param name="strError">错误</param>  
            <returns>结果</returns>  
        </member>
        <member name="M:Common.ADSLHelper.GetDefaultEntry(System.String@,System.String@)">
            <summary>  
            获取默认条目  
            </summary>  
            <param name="strEntry">条目</param>  
            <param name="strError">错误</param>  
            <returns>结果</returns>  
        </member>
        <member name="M:Common.ADSLHelper.GetEntries(System.String[]@,System.String@)">
            <summary>  
            得到条目  
            </summary>  
            <param name="strEntryName">条目名称</param>  
            <param name="strError">错误</param>  
            <returns>结果</returns>  
        </member>
        <member name="M:Common.ADSLHelper.GetEntryParams(System.String,System.String@,System.String@,System.String@,System.Boolean@,System.String@)">
            <summary>  
            获得入口参数  
            </summary>  
            <param name="strEntryName">条目名称</param>  
            <param name="strPhoneNumber">电话号码</param>  
            <param name="strUserName">用户名</param>  
            <param name="strPassword">密码</param>  
            <param name="bRememberPassword">记住密码</param>  
            <param name="strError">错误</param>  
            <returns>结果</returns>  
        </member>
        <member name="M:Common.ADSLHelper.GetErrorString(System.Int32)">
            <summary>  
            获得错误  
            </summary>  
            <param name="nErrorValue"></param>  
            <returns></returns>  
        </member>
        <member name="M:Common.ADSLHelper.HangUp(System.String@)">
            <summary>  
            挂断  
            </summary>  
            <param name="strError">错误</param>  
            <returns>结果</returns>  
        </member>
        <member name="M:Common.ADSLHelper.RasDialFunc(System.UInt32,Common.ADSLHelper.RASCONNSTATE,System.Int32)">
            <summary>  
            拨号
            </summary>  
            <param name="unMsg"></param>  
            <param name="rasconnstate"></param>  
            <param name="dwError"></param>  
        </member>
        <member name="M:Common.ADSLHelper.RenameEntry(System.String,System.String,System.String@)">
            <summary>  
            重命名输入  
            </summary>  
            <param name="strOldEntry">旧的条目</param>  
            <param name="strNewEntry">新的条目</param>  
            <param name="strError">错误</param>  
            <returns>结果</returns>  
        </member>
        <member name="M:Common.ADSLHelper.SetDefaultEntry(System.String)">
            <summary>  
            设置默认条目  
            </summary>  
            <param name="strEntry"></param>  
        </member>
        <member name="M:Common.ADSLHelper.SetEntryParams(System.String,System.String,System.String,System.String,System.Boolean,System.String@)">
            <summary>  
            设置输入参数个数  
            </summary>  
            <param name="strEntryName">条目名称</param>  
            <param name="strPhoneNumber">电话号码</param>  
            <param name="strUserName">用户名</param>  
            <param name="strPassword">密码</param>  
            <param name="bRememberPassword">记住密码</param>  
            <param name="strError">错误</param>  
            <returns>结果</returns>  
        </member>
        <member name="M:Common.ADSLHelper.TimerEvent(System.Object,System.Timers.ElapsedEventArgs)">
            <summary>  
            计时器事件  
            </summary>  
            <param name="sender"></param>  
            <param name="e"></param>  
        </member>
        <member name="T:Common.ADSLHelper.ConnectionNotify">
            <summary>  
            嵌套类型  
            </summary>  
            <param name="strNotify"></param>  
            <param name="bConnect"></param>  
        </member>
        <member name="T:Common.ADSLHelper.RasDialEvent">
            <summary>  
            拨事件  
            </summary>  
            <param name="unMsg">显示</param>  
            <param name="rasconnstate"></param>  
            <param name="dwError">错误</param>  
        </member>
        <member name="T:Common.Character">
            <summary>
            字符串处理加强辅助类
            </summary>
        </member>
        <member name="M:Common.Character.ClearHtml(System.String)">
              <summary>   
              去除所有HTML标记   
              </summary>
        </member>
        <!-- 对于成员“M:Common.Character.ClearScript(System.String)”忽略有格式错误的 XML 注释 -->
        <member name="M:Common.Character.NoHTML(System.String)">
            <summary>
            加强版去HTML、Script、LINK、Style等
            </summary>
            <param name="Htmlstring"></param>
            <returns></returns>  
        </member>
        <member name="M:Common.Character.ClearHtmlSetFontSize(System.String,System.Int32)">
              <summary>   
              去除样式，并设置字体的大小 
              </summary>
        </member>
        <member name="M:Common.Character.DataTableToString(System.Data.DataTable,System.String,System.String)">
            <summary>
            把指定的datatable某列拼成为1,2,3,4,5....
            </summary>
            <param name="dt"></param>
            <param name="RowName"></param>
            <returns></returns>
        </member>
        <member name="M:Common.Character.ArrayToString(System.String[])">
            <summary>
            把string[]转换成string 如["1","2","3"...] to "1,2,3..."
            </summary>
            <param name="list"></param>
            <returns></returns>
        </member>
        <member name="M:Common.Character.DataTableToArray(System.Data.DataTable,System.String)">
            <summary>
            把datatable转换成string[]
            </summary>
            <param name="p_Table"></param>
            <param name="RowName"></param>
            <returns></returns>
        </member>
        <member name="M:Common.Character.SubString(System.Object,System.Int32)">
            <summary>
            截取字符串
            </summary>
            <param name="obj">截取的对象</param>
            <param name="i">截取的长度</param>
            <returns>返回截取对象＋。。。</returns>
        </member>
        <member name="M:Common.Character.StringToJson(System.String,System.String)">
            <summary>
            输出json
            </summary>
        </member>
        <member name="M:Common.Character.DataTableToJson(System.Data.DataTable)">
            <summary>
            将dataTable转换成Json
            </summary>
            <param name="dt"></param>
            <returns></returns>
        </member>
        <member name="M:Common.Character.ContentByPage(System.String@,System.String,System.Nullable{System.Int32},System.Nullable{System.Int32},System.String)">
            <summary>
            文章内容自动分页
            </summary>
        </member>
        <member name="M:Common.Character.ContentByPage(System.String@,System.String,System.String,System.Nullable{System.Int32},System.String)">
            <summary>
            根据分隔符自动分页
            </summary>
        </member>
        <member name="M:Common.Character.StringSplit(System.String,System.String)">
            <summary>
            将字符串分割成数组
            </summary>
            <param name="strSource"></param>
            <param name="strSplit"></param>
            <returns></returns>
        </member>
        <member name="M:Common.Character.StringSplit(System.String,System.String,System.String[])">
            <summary>
            采用递归将字符串分割成数组
            </summary>
            <param name="strSource"></param>
            <param name="strSplit"></param>
            <param name="attachArray"></param>
            <returns></returns>
        </member>
        <member name="M:Common.Character.Encrypt(System.String)">
            <summary>
            加密
            </summary>
            <param name="Text"></param>
            <returns></returns>
        </member>
        <member name="M:Common.Character.Encrypt(System.String,System.String)">
            <summary> 
            加密数据 
            </summary> 
            <param name="Text"></param> 
            <param name="sKey"></param> 
            <returns></returns> 
        </member>
        <member name="M:Common.Character.Decrypt(System.String)">
            <summary>
            解密
            </summary>
            <param name="Text"></param>
            <returns></returns>
        </member>
        <member name="M:Common.Character.Decrypt(System.String,System.String)">
            <summary> 
            解密数据 
            </summary> 
            <param name="Text"></param> 
            <param name="sKey"></param> 
            <returns></returns> 
        </member>
        <member name="M:Common.Character.EncryptBase64(System.String)">
            <summary>
            编码
            </summary>
            <param name="code"></param>
            <returns></returns>
        </member>
        <member name="M:Common.Character.DecryptBase64(System.String)">
            <summary>
            解码
            </summary>
            <param name="code"></param>
            <returns></returns>
        </member>
        <member name="M:Common.Character.EncrytPassword(System.String)">
            <summary>
            字符串MD5加密
            </summary>
            <param name="inputedPassword"></param>
            <returns></returns>
        </member>
        <member name="M:Common.Character.VerifyPassword(System.String,System.String)">
            <summary>
            密码比较
            </summary>
            <param name="inputedPassword"></param>
            <param name="currentPassword"></param>
            <returns></returns>
        </member>
        <member name="M:Common.Character.SBCToDBC(System.String)">
            <summary>
            全角=>半角
            </summary>
            <param name="src"></param>
            <returns>半角字符串</returns>
        </member>
        <member name="M:Common.Character.DBCToSBC(System.String)">
            <summary>
            半角=>全角
            </summary>
            <param name="src"></param>
            <returns>全角字符串</returns>
        </member>
        <!-- 对于成员“M:Common.Character.RandomString(System.String,System.Int32)”忽略有格式错误的 XML 注释 -->
        <member name="M:Common.Character.Random(System.Int32,System.Int32)">
            <summary>
            生成随访数
            </summary>
            <param name="min">最小</param>
            <param name="max">最大</param>
            <returns></returns>
        </member>
        <member name="M:Common.Character.UrlEscape(System.String)">
            <summary>
            给地址栏参数格式化
            </summary>
        </member>
        <member name="M:Common.Character.DayOfWeek(System.Nullable{System.DateTime})">
            <summary>
            根据日期获取今天是星期几
            </summary>
        </member>
        <member name="M:Common.Character.IntToDateTime(System.Nullable{System.Int32})">
            <summary>
            Int转成日期类型
            </summary>
        </member>
        <member name="M:Common.Character.DateTimeToInt(System.Nullable{System.DateTime})">
            <summary>
            日期类型转成Int
            </summary>
        </member>
        <member name="M:Common.Character.convertCh(System.String)">
            <summary>  
            汉字转换成全拼的拼音  
            </summary>  
            <param name="Chstr">汉字字符串</param>  
            <returns>转换后的拼音字符串</returns>  
        </member>
        <member name="M:Common.Character.ConvertRMB(System.Decimal)">
            <summary>   
            人民币转中文   
            </summary>   
            <param name="num">金额</param>   
            <returns>返回大写形式</returns>   
        </member>
        <member name="T:Common.ClientTypeHelper">
            <summary>
            判断客户端是PC还是移动
            </summary>
        </member>
        <member name="M:Common.ClientTypeHelper.IsMobileDevice(System.Web.HttpContext)">
            <summary>
            判断客户端是否是移动端的
            </summary>
            <param name="context"></param>
            <returns></returns>
        </member>
        <member name="M:Common.ClientTypeHelper.IsIE">
            <summary>
            检测浏览器类型
            </summary>
            <returns></returns>
        </member>
        <member name="P:Common.GuidHelper.stringId">
            <summary>
            生成唯一字符
            </summary>
            <returns></returns>
        </member>
        <member name="P:Common.GuidHelper.longId">
            <summary>
            生成唯一数字
            </summary>
            <returns></returns>
        </member>
        <member name="P:Common.GuidHelper.stringMd5Id">
            <summary>
            生成唯一MD5加密字符
            </summary>
        </member>
        <member name="T:Common.SystemHelper">
            <summary>
            自定义扩展系统方法（马甲）
            </summary>
        </member>
        <member name="M:Common.SystemHelper.Format(System.Nullable{System.DateTime})">
            <summary>
            格式化日期 yyyy-MM-dd
            </summary>
            <param name="dt"></param>
            <returns></returns>
        </member>
        <member name="M:Common.SystemHelper.Format(System.DateTime)">
            <summary>
            格式化日期 yyyy-MM-dd
            </summary>
            <param name="dt"></param>
            <returns></returns>
        </member>
        <member name="M:Common.SystemHelper.Format(System.Nullable{System.DateTime},System.String)">
            <summary>
            格式化日期
            </summary>
            <param name="dt"></param>
            <param name="format"></param>
            <returns></returns>
        </member>
        <member name="M:Common.SystemHelper.Format(System.DateTime,System.String)">
            <summary>
            格式化日期
            </summary>
            <param name="dt"></param>
            <param name="format"></param>
            <returns></returns>
        </member>
        <member name="M:Common.SystemHelper.Age(System.DateTime)">
            <summary>
            年龄
            </summary>
            <param name="dt"></param>
            <returns></returns>
        </member>
        <member name="M:Common.SystemHelper.Age(System.Nullable{System.DateTime})">
            <summary>
            年龄
            </summary>
            <param name="dt"></param>
            <returns></returns>
        </member>
        <member name="M:Common.SystemHelper.CaculateWeekDay(System.Int32,System.Int32,System.Int32)">
            <summary>
            根据年月日计算星期几(Label2.Text=CaculateWeekDay(2004,12,9);)
            </summary>
            <param name="y">年</param>
            <param name="m">月</param>
            <param name="d">日</param>
            <returns></returns>
        </member>
        <member name="M:Common.SystemHelper.GetWeek(System.Nullable{System.DateTime})">
            <summary>
            获取星期
            </summary>
            <param name="dt"></param>
            <returns></returns>
        </member>
        <member name="M:Common.SystemHelper.GetWeek(System.DateTime)">
            <summary>
            获取星期
            </summary>
            <param name="dt"></param>
            <returns></returns>
        </member>
        <member name="M:Common.SystemHelper.Format(System.Nullable{System.Boolean})">
            <summary>
            格式化Bool
            </summary>
            <param name="b"></param>
            <returns></returns>        
        </member>
        <member name="M:Common.SystemHelper.Format(System.Boolean)">
            <summary>
            格式化Bool
            </summary>
            <param name="b"></param>
            <returns></returns>
        </member>
        <!-- 对于成员“M:Common.SystemHelper.ToRandomList``1(System.Collections.Generic.List{``0})”忽略有格式错误的 XML 注释 -->
        <member name="M:Common.SystemHelper.ConvertToDateTime(System.String)">
            <summary>
            将CSV格式中的 3/21/2015 11:39:02 PM 转为日期
            </summary>
            <param name="str"></param>
            <returns></returns>
        </member>
        <member name="M:Common.DirHelper.CheckFolder(System.String)">
            <summary>
            检查文件夹是否存在，不存在则创建文件夹
            </summary>
            <param name="folderPath"></param>
        </member>
        <member name="M:Common.DirHelper.RemoveFolder(System.String)">
            <summary>
            删除指定文件夹
            </summary>
            <param name="folderPath"></param>
        </member>
        <member name="M:Common.DirHelper.RemoveFile(System.String)">
            <summary>
            删除指定文件
            </summary>
            <param name="filepath"></param>
        </member>
        <member name="M:Common.DirHelper.GetFolders(System.String)">
            <summary>
            获得所有文件夹
            </summary>
            <param name="filepath"></param>
        </member>
        <member name="M:Common.DirHelper.GetFiles(System.String)">
            <summary>
            获得所有文件
            </summary>
            <param name="folderpath"></param>
        </member>
        <member name="M:Common.DirHelper.CopyDirectory(System.String,System.String)">
            <summary>  
            复制文件夹  
            </summary>  
            <param   name="sourceDirName">源文件夹</param>  
            <param   name="destDirName">目标文件夹</param>
        </member>
        <member name="M:Common.DirHelper.HasOperatePermission(System.String)">
            <summary>
            IIS对某个目录是否有操作权限
            </summary>
            <param name="path"></param>
            <returns></returns>
        </member>
        <member name="T:Common.EncryptionHelper">
            <summary>
            加密解密处理类
            </summary>
        </member>
        <member name="T:Common.EncryptionHelper.Base64Helper">
            <summary>
            Base64加密、解密
            </summary>
        </member>
        <member name="M:Common.EncryptionHelper.Base64Helper.Encrypt(System.String)">
            <summary>
            加密
            </summary>
            <param name="code"></param>
            <returns></returns>
        </member>
        <member name="M:Common.EncryptionHelper.Base64Helper.Decrypt(System.String)">
            <summary>
            解密
            </summary>
            <param name="code"></param>
            <returns></returns>
        </member>
        <member name="T:Common.EncryptionHelper.DESHelper">
            <summary>
            数据加密算法
            </summary>
        </member>
        <member name="M:Common.EncryptionHelper.DESHelper.Encrypt(System.String,System.String)">
            <summary>
            DES加密
            </summary>
            <param name="encryptString">待加密的密文</param>
            <param name="encryptKey">密匙（8位）</param>
            <returns></returns>
        </member>
        <member name="M:Common.EncryptionHelper.DESHelper.Decrypt(System.String,System.String)">
            <summary>
            DES解密
            </summary>
            <param name="decryptString">密文</param>
            <param name="decryptKey">密匙（8位）</param>
            <returns></returns>
        </member>
        <member name="T:Common.EncryptionHelper.DES3Helper">
            <summary>
            DES3重安全加密算法处理类
            </summary>
        </member>
        <member name="M:Common.EncryptionHelper.DES3Helper.Encrypt(System.String,System.String,System.String,System.String)">
            <summary>
            3DES 加密
            </summary>
            <param name="encryptString">待加密密文</param>
            <param name="encryptKey1">密匙1(长度必须为8位)</param>
            <param name="encryptKey2">密匙2(长度必须为8位)</param>
            <param name="encryptKey3">密匙3(长度必须为8位)</param>
            <returns></returns>
        </member>
        <member name="M:Common.EncryptionHelper.DES3Helper.Decrypt(System.String,System.String,System.String,System.String)">
            <summary>
            3DES 解密
            </summary>
            <param name="decryptString">待解密密文</param>
            <param name="decryptKey1">密匙1(长度必须为8位)</param>
            <param name="decryptKey2">密匙2(长度必须为8位)</param>
            <param name="decryptKey3">密匙3(长度必须为8位)</param>
            <returns></returns>
        </member>
        <member name="T:Common.EncryptionHelper.AESHelper">
            <summary>   
            AES对称加密算法类   
            </summary> 
        </member>
        <member name="M:Common.EncryptionHelper.AESHelper.Encrypt(System.String,System.String)">
            <summary>
            AES加密
            </summary>
            <param name="encryptString">待加密的密文</param>
            <param name="encryptKey">加密密匙</param>
            <returns></returns>
        </member>
        <member name="M:Common.EncryptionHelper.AESHelper.Decrypt(System.String,System.String)">
             <summary>
            AES 解密
             </summary>
             <param name="decryptString">待解密密文</param>
             <param name="decryptKey">解密密钥</param>
             <returns></returns>
        </member>
        <member name="T:Common.EncryptionHelper.RC2Helper">
            <summary>
            RC2加密处理类
            </summary>
        </member>
        <member name="M:Common.EncryptionHelper.RC2Helper.Encrypt(System.String,System.String)">
            <summary>
            RC2加密
            </summary>
            <param name="encryptString">待加密的密文</param>
            <param name="encryptKey">密匙(必须为5-16位)</param>
            <returns></returns>
        </member>
        <member name="M:Common.EncryptionHelper.RC2Helper.Decrypt(System.String,System.String)">
            <summary>
            RC2解密
            </summary>
            <param name="decryptString">密文</param>
            <param name="decryptKey">密匙(必须为5-16位)</param>
            <returns></returns>
        </member>
        <member name="T:Common.EncryptionHelper.MD5Helper">
            <summary>
            MD5加密处理类
            </summary>
        </member>
        <member name="M:Common.EncryptionHelper.MD5Helper.Encryt(System.String)">
            <summary>
            字符串MD5加密
            </summary>
            <param name="inputedPassword"></param>
            <returns></returns>
        </member>
        <member name="M:Common.EncryptionHelper.MD5Helper.Verify(System.String,System.String)">
            <summary>
            密码比较
            </summary>
            <param name="inputedPassword"></param>
            <param name="currentPassword"></param>
            <returns></returns>
        </member>
        <member name="T:Common.EncryptionHelper.SHA1Helper">
            <summary>
            SHA1加密处理类
            </summary>
        </member>
        <member name="M:Common.EncryptionHelper.SHA1Helper.Encryt(System.String)">
            <summary>
            字符串SHA1加密
            </summary>
            <param name="inputedPassword"></param>
            <returns></returns>
        </member>
        <member name="M:Common.EncryptionHelper.SHA1Helper.Verify(System.String,System.String)">
            <summary>
            密码比较
            </summary>
            <param name="inputedPassword"></param>
            <param name="currentPassword"></param>
            <returns></returns>
        </member>
        <member name="T:Common.ExcelHelper">
            <summary>
            Excel97操作相关辅助类
            </summary>
        </member>
        <member name="M:Common.ExcelHelper.GetData(System.String,System.String)">
            <summary>
            读取Excel中数据
            </summary>
            <param name="filePath"></param>
            <param name="sheetName"></param>
            <returns></returns>
        </member>
        <member name="M:Common.ExcelHelper.GetExcel(System.Data.DataTable,System.String)">
            <summary>
            导出Excel文件，并自定义文件名 
            </summary>
            <param name="dataTable"></param>
            <param name="FileName"></param>
        </member>
        <member name="M:Common.ExcelHelper.ExcelToDataSet(System.String,System.Boolean,System.Int32@)">
            <summary>
            读取excel到dataset
            </summary>
            <param name="excelPath"></param>
            <param name="firstRowAsHeader"></param>
            <param name="sheetCount"></param>
            <returns></returns>
        </member>
        <member name="M:Common.ExcelHelper.ExcelToDataTable(System.String,System.String)">
            <summary>
            读取excel到datatable
            </summary>
            <param name="excelPath"></param>
            <param name="sheetName"></param>
            <returns></returns>
        </member>
        <member name="M:Common.ExcelHelper.ExcelToDataTable(System.String,System.String,System.Boolean)">
            <summary>
            读取excel到datatable
            </summary>
            <param name="excelPath"></param>
            <param name="sheetName"></param>
            <param name="firstRowAsHeader"></param>
            <returns></returns>
        </member>
        <member name="F:Common.ExcelHelper.workbook">
            <summary>
            定义ExcelBook
            </summary>
        </member>
        <member name="F:Common.ExcelHelper.styleTitle">
            <summary>
            定义标题栏样式
            </summary>
        </member>
        <member name="M:Common.ExcelHelper.#ctor">
            <summary>
            构造方法(将数据写入到excel)
            </summary>
        </member>
        <member name="M:Common.ExcelHelper.AddSheet``1(System.String,System.Collections.Generic.IList{``0})">
            <summary>
            向book中添加sheet
            </summary>
            <typeparam name="T"></typeparam>
            <param name="sheetName"></param>
            <param name="data"></param>
        </member>
        <member name="M:Common.ExcelHelper.AddSheet(System.String,System.Data.DataTable)">
            <summary>
            向book中添加sheet
            </summary>
            <typeparam name="T"></typeparam>
            <param name="sheetName"></param>
            <param name="data"></param>
        </member>
        <member name="M:Common.ExcelHelper.GetStream">
            <summary>
            导出Excel
            </summary>
            <returns></returns>
        </member>
        <member name="M:Common.ExcelHelper.Export(System.String)">
            <summary>
            导出Excel
            </summary>
            <param name="fileName">未指定则自动按日期时间生成</param>
        </member>
        <member name="M:Common.ExcelHelper.Export">
            <summary>
            导出Excel
            </summary>
        </member>
        <member name="T:Common.FileHelper">
            <summary>
            文件操作处理类
            </summary>
        </member>
        <member name="M:Common.FileHelper.IsFileExists(System.String)">
            <summary>
            文件是否存在
            </summary>
            <param name="path"></param>
            <returns></returns>
        </member>
        <member name="M:Common.FileHelper.ReadFile(System.String)">
            <summary>
            从指定文件读取字符串
            </summary>
            <param name="filePath"></param>
            <returns></returns>
        </member>
        <member name="M:Common.FileHelper.ReadFile(System.String,System.Text.Encoding)">
            <summary>
            从指定文件中按指定格式读取字符串
            </summary>
            <param name="filePath"></param>
            <param name="encode"></param>
            <returns></returns>
        </member>
        <member name="M:Common.FileHelper.ReadFileForBytes(System.String)">
            <summary>
            从指定文件读取字节
            </summary>
            <param name="filePath"></param>
            <returns></returns>
        </member>
        <member name="M:Common.FileHelper.WriteFile(System.String,System.String)">
            <summary>
            将字符串写入到指定文件
            </summary>
            <param name="filePath"></param>
            <param name="fileContent"></param>
            <returns></returns>
        </member>
        <member name="M:Common.FileHelper.WriteFile(System.String,System.String,System.Text.Encoding)">
            <summary>
            将字符串按指定格式写入到指定文件
            </summary>
            <param name="filePath"></param>
            <param name="fileContent"></param>
            <param name="encode"></param>
            <returns></returns>
        </member>
        <member name="M:Common.FileHelper.WriteFile(System.String,System.Byte[])">
            <summary>
            将字节写入到指定文件
            </summary>
            <param name="filePath"></param>
            <param name="fileContent"></param>
        </member>
        <member name="M:Common.FileHelper.AppendFile(System.String,System.String)">
            <summary>
            将字符串追加到指定文件
            </summary>
            <param name="filePath"></param>
            <param name="fileContent"></param>
        </member>
        <member name="M:Common.FileHelper.AppendFile(System.String,System.String,System.Text.Encoding)">
            <summary>
            将字符串按指定格式追加到指定文件
            </summary>
            <param name="filePath"></param>
            <param name="fileContent"></param>
            <param name="encode"></param>
        </member>
        <member name="M:Common.FileHelper.AppendFile(System.String,System.Byte[])">
            <summary>
            将字节追加到指定文件
            </summary>
            <param name="filePath"></param>
            <param name="fileContent"></param>
        </member>
        <member name="M:Common.FileHelper.DeleteFile(System.String)">
            <summary>
            删除文件
            </summary>
            <param name="filePath"></param>
            <returns></returns>
        </member>
        <member name="M:Common.FileHelper.Copy(System.String,System.String,System.Boolean)">
            <summary>
            文件复制操作
            </summary>
            <param name="source"></param>
            <param name="dest"></param>
            <param name="overWrite"></param>
            <returns></returns>
        </member>
        <member name="M:Common.FileHelper.Move(System.String,System.String)">
            <summary>
            文件移动操作
            </summary>
            <param name="source"></param>
            <param name="dest"></param>
            <returns></returns>
        </member>
        <member name="M:Common.FileHelper.Encrypt(System.String)">
            <summary>
            加密文件内容
            </summary>
            <param name="filePath"></param>
            <returns></returns>
        </member>
        <member name="M:Common.FileHelper.Decrypt(System.String)">
            <summary>
            解密文件内容
            </summary>
            <param name="filePath"></param>
            <returns></returns>
        </member>
        <member name="T:Common.HtmlToJpgHelper">
            <summary>
            将指定的网页导出成图片
            </summary>
        </member>
        <member name="M:Common.HttpHelper.GetRequest(System.String,System.String,System.String)">
            <summary>
            获取HttpRequest
            </summary>
            <param name="url"></param>
            <param name="param"></param>
            <param name="method"></param>
            <returns></returns>
        </member>
        <member name="M:Common.HttpHelper.GetCookies(System.String)">
            <summary>
            获取cookies
            </summary>
            <param name="url"></param>
            <returns></returns>
        </member>
        <member name="M:Common.ImageHelper.MakeThumbnail(System.String,System.String,System.Int32,System.Int32,System.String)">
            <summary> 
             生成缩略图 
             </summary> 
             <param name="originalImagePath">源图路径（物理路径）</param> 
             <param name="thumbnailPath">缩略图路径（物理路径）</param> 
             <param name="width">缩略图宽度</param> 
             <param name="height">缩略图高度</param> 
             <param name="mode">生成缩略图的方式HW/W/H/CUT</param>     
        </member>
        <member name="M:Common.ImageHelper.ImageWatermark(System.String,System.String,System.String)">
            <summary>  
            图片水印处理方法  
            </summary>  
            <param name="path">需要加载水印的图片路径（绝对路径）</param>  
            <param name="waterpath">水印图片（绝对路径）</param>  
            <param name="location">水印位置（传送正确的代码）</param>  
        </member>
        <member name="M:Common.ImageHelper.GetLocation(System.String,System.Drawing.Image,System.Drawing.Image)">
            <summary>  
            图片水印位置处理方法  
            </summary>  
            <param name="location">水印位置</param>  
            <param name="img">需要添加水印的图片</param>  
            <param name="waterimg">水印图片</param>  
        </member>
        <member name="M:Common.ImageHelper.LetterWatermark(System.String,System.Int32,System.String,System.Drawing.Color,System.String)">
            <summary>  
            文字水印处理方法  
            </summary>  
            <param name="path">图片路径（绝对路径）</param>  
            <param name="size">字体大小</param>  
            <param name="letter">水印文字</param>  
            <param name="color">颜色</param>  
            <param name="location">水印位置</param>  
        </member>
        <member name="M:Common.ImageHelper.GetLocation(System.String,System.Drawing.Image,System.Int32,System.Int32)">
            <summary>  
            文字水印位置的方法  
            </summary>  
            <param name="location">位置代码</param>  
            <param name="img">图片对象</param>  
            <param name="width">宽(当水印类型为文字时,传过来的就是字体的大小)</param>  
            <param name="height">高(当水印类型为文字时,传过来的就是字符的长度)</param>  
        </member>
        <member name="M:Common.ImageHelper.LDPic(System.Drawing.Bitmap,System.Int32,System.Int32,System.Int32)">
            <summary>  
            调整光暗  
            </summary>  
            <param name="mybm">原始图片</param>  
            <param name="width">原始图片的长度</param>  
            <param name="height">原始图片的高度</param>  
            <param name="val">增加或减少的光暗值</param>  
        </member>
        <member name="M:Common.ImageHelper.RePic(System.Drawing.Bitmap,System.Int32,System.Int32)">
            <summary>  
            反色处理  
            </summary>  
            <param name="mybm">原始图片</param>  
            <param name="width">原始图片的长度</param>  
            <param name="height">原始图片的高度</param>  
        </member>
        <member name="M:Common.ImageHelper.FD(System.Drawing.Bitmap,System.Int32,System.Int32)">
            <summary>  
            浮雕处理  
            </summary>  
            <param name="oldBitmap">原始图片</param>  
            <param name="Width">原始图片的长度</param>  
            <param name="Height">原始图片的高度</param>  
        </member>
        <member name="M:Common.ImageHelper.ResizeImage(System.Drawing.Bitmap,System.Int32,System.Int32)">
            <summary>  
            拉伸图片  
            </summary>  
            <param name="bmp">原始图片</param>  
            <param name="newW">新的宽度</param>  
            <param name="newH">新的高度</param>  
        </member>
        <member name="M:Common.ImageHelper.FilPic(System.Drawing.Bitmap,System.Int32,System.Int32)">
            <summary>  
            滤色处理  
            </summary>  
            <param name="mybm">原始图片</param>  
            <param name="width">原始图片的长度</param>  
            <param name="height">原始图片的高度</param>  
        </member>
        <member name="M:Common.ImageHelper.RevPicLR(System.Drawing.Bitmap,System.Int32,System.Int32)">
            <summary>  
            左右翻转  
            </summary>  
            <param name="mybm">原始图片</param>  
            <param name="width">原始图片的长度</param>  
            <param name="height">原始图片的高度</param>  
        </member>
        <member name="M:Common.ImageHelper.RevPicUD(System.Drawing.Bitmap,System.Int32,System.Int32)">
            <summary>  
            上下翻转  
            </summary>  
            <param name="mybm">原始图片</param>  
            <param name="width">原始图片的长度</param>  
            <param name="height">原始图片的高度</param>  
        </member>
        <member name="M:Common.ImageHelper.Compress(System.String,System.String)">
            <summary>  
            压缩到指定尺寸  
            </summary>  
            <param name="oldfile">原文件</param>  
            <param name="newfile">新文件</param>  
        </member>
        <member name="M:Common.ImageHelper.Compress(System.String,System.String,System.Int32,System.Int32)">
            <summary>  
            压缩指定尺寸，如果写的和图片大家一样表示大小不变，只是把图片压缩下一些  
            </summary>  
            <param name="oldfile">原文件</param>  
            <param name="newfile">新文件</param>  
            <param name="width">长</param>  
            <param name="height">高</param>  
        </member>
        <member name="M:Common.ImageHelper.BWPic(System.Drawing.Bitmap,System.Int32,System.Int32)">
            <summary>  
            转换为黑白图片  
            </summary>  
            <param name="mybt">要进行处理的图片</param>  
            <param name="width">图片的长度</param>  
            <param name="height">图片的高度</param>  
        </member>
        <member name="M:Common.ImageHelper.GetFrames(System.String,System.String)">
            <summary>  
            获取图片中的各帧  
            </summary>  
            <param name="pPath">图片路径</param>  
            <param name="pSavePath">保存路径</param>  
        </member>
        <member name="T:Common.JsonHelper">
            <summary>
            json处理类
            </summary>
        </member>
        <member name="M:Common.JsonHelper.JsonSerializer``1(``0)">
            <summary>
            .net自带
            </summary>
            <typeparam name="T"></typeparam>
            <param name="t"></param>
            <returns></returns>
        </member>
        <member name="M:Common.JsonHelper.JsonDeserialize``1(System.String)">
            <summary>
            .net自带 JSON反序列化
            </summary>
        </member>
        <member name="M:Common.JsonHelper.ObjToJson(System.Object)">
            <summary>
            newtonSoft
            </summary>
            <param name="item"></param>
            <returns></returns>
        </member>
        <member name="M:Common.JsonHelper.JsonToObj``1(System.String)">
            <summary>
            newtonSoft
            </summary>
            <typeparam name="T"></typeparam>
            <param name="jsonStr"></param>
            <returns></returns>
        </member>
        <member name="M:Common.JsonHelper.ToJson(System.Data.DataTable)">
            <summary>      
            dataTable转换成Json格式      
            </summary>      
            <param name="dt"></param>      
            <returns></returns>      
        </member>
        <member name="M:Common.JsonHelper.ToJson(System.Data.DataSet)">
            <summary>      
            DataSet转换成Json格式      
            </summary>      
            <param name="ds">DataSet</param>      
            <returns></returns>      
        </member>
        <member name="M:Common.JsonHelper.ToJson(System.String,System.String)">
            <summary>
            键值对转换成JSON
            </summary>
            <param name="key"></param>
            <param name="value"></param>
            <returns></returns>
        </member>
        <member name="T:Common.LogHelper">
            <summary>
            日志辅助类
            </summary>
        </member>
        <member name="M:Common.LogHelper.Log(System.String)">
            <summary>
            简单记录内容
            </summary>
            <param name="message"></param>
        </member>
        <member name="M:Common.LogHelper.Log(System.String,System.String)">
            <summary>
            指定目录记录内容
            </summary>
            <param name="message"></param>
        </member>
        <member name="M:Common.LogHelper.Log(System.Exception)">
            <summary>
            根据异常记录日志
            </summary>
            <param name="ex"></param>
        </member>
        <member name="M:Common.LogHelper.Log(System.Exception,System.String)">
            <summary>
            指定目录根据异常记录日志
            </summary>
            <param name="ex"></param>
            <param name="path"></param>
        </member>
        <member name="M:Common.MailHelper.SimpleSend(System.String,System.String,System.String)">
            <summary>
            简易发信
            </summary>
            <param name="to"></param>
            <param name="Subject"></param>
            <param name="Body"></param>
        </member>
        <member name="M:Common.MailHelper.Send(System.String,System.String,System.String,System.String,System.String,System.Nullable{System.DateTime},System.String@)">
            <summary>
            公司邮件服务发信
            </summary>
            <param name="To"></param>
            <param name="Cc"></param>
            <param name="Bcc"></param>
            <param name="Subject"></param>
            <param name="Body"></param>
            <param name="senddate"></param>
            <param name="error"></param>
            <returns></returns>
        </member>
        <member name="M:Common.MailHelper.#ctor">
            <summary>
            默认使用163初始化
            </summary>
        </member>
        <member name="M:Common.MailHelper.#ctor(System.String,System.String,System.String,System.Int32)">
            <summary>
            读取配置初始化
            </summary>
            <param name="smtp"></param>
            <param name="from"></param>
            <param name="password"></param>
            <param name="port"></param>
        </member>
        <member name="M:Common.MailHelper.#ctor(System.String,System.String,System.String,System.Int32,System.Boolean,System.Boolean)">
            <summary>
            读取配置初始化
            </summary>
            <param name="smtp"></param>
            <param name="from"></param>
            <param name="password"></param>
            <param name="port"></param>
            <param name="auth"></param>
            <param name="ssl"></param>
        </member>
        <member name="M:Common.MailHelper.Send(System.String,System.String,System.String,System.String,System.String)">
            <summary>
            发送邮件
            </summary>
            <param name="to"></param>
            <param name="cc"></param>
            <param name="Subject"></param>
            <param name="Body"></param>
            <param name="attachs"></param>
        </member>
        <member name="M:Common.MailHelper.Send(System.String,System.String,System.String)">
            <summary>
            发送邮件
            </summary>
            <param name="to"></param>
            <param name="Subject"></param>
            <param name="Body"></param>
        </member>
        <member name="M:Common.MailHelper.Send(System.String,System.String,System.String,System.String)">
            <summary>
            发送邮件
            </summary>
            <param name="to"></param>
            <param name="cc"></param>
            <param name="Subject"></param>
            <param name="Body"></param>
        </member>
        <member name="T:Common.MapHelper">
            <summary>
            地图类
            </summary>
        </member>
        <member name="M:Common.MapHelper.ConvertAll(System.Double,System.Double,Common.MapHelper.MapEnum,Common.MapHelper.MapEnum)">
            <summary>
            坐标互转
            </summary>
            <param name="lng">经度</param>
            <param name="lat">纬度</param>
            <param name="from">待转换的坐标类型</param>
            <param name="to">最终转换成的坐标类型</param>
            <returns></returns>
        </member>
        <member name="M:Common.MapHelper.Convert2BaiDu(System.Double,System.Double,Common.MapHelper.MapEnum)">
            <summary>
            转成百度坐标
            </summary>
            <param name="lng">经度</param>
            <param name="lat">纬度</param>
            <param name="from">待转换的坐标类型</param>
            <returns></returns>
        </member>
        <member name="M:Common.MapHelper.Gps2BaiDu(System.Double,System.Double)">
            <summary>
            GPS坐标转成百度坐标
            </summary>
            <param name="lng">经度</param>
            <param name="lat">纬度</param>
        </member>
        <member name="M:Common.MapHelper.Google2BaiDu(System.Double,System.Double)">
            <summary>
            谷歌、火星坐标转成百度坐标
            </summary>
            <param name="lng">经度</param>
            <param name="lat">纬度</param>
        </member>
        <member name="M:Common.MapHelper.BaiDu2Google(System.Double,System.Double)">
            <summary>
            百度坐标转成谷歌、火星坐标
            </summary>
            <param name="lng">经度</param>
            <param name="lat">纬度</param>
        </member>
        <member name="M:Common.MapHelper.BaiDu2GPS(System.Double,System.Double)">
            <summary>
            百度坐标转成GPS坐标
            </summary>
            <param name="lng">经度</param>
            <param name="lat">纬度</param>
        </member>
        <member name="M:Common.MapHelper.GPS2Google(System.Double,System.Double)">
            <summary>
            GPS坐标转成火星坐标
            </summary>
            <param name="lng">经度</param>
            <param name="lat">纬度</param>
        </member>
        <member name="M:Common.MapHelper.XY2Address(System.Double,System.Double)">
            <summary>
            根据百度坐标获取地址
            </summary>
            <param name="lng">经度</param>
            <param name="lat">纬度</param>
        </member>
        <member name="M:Common.MapHelper.Address2BXBY(System.String)">
            <summary>
            根据地址返回百度坐标，默认在上海市搜索
            </summary>
        </member>
        <member name="M:Common.MapHelper.Address2BXBY(System.String,System.String)">
            <summary>
            根据地址返回百度坐标
            </summary>
            <param name="address">地址</param>
            <param name="city">搜索在城市，如：上海市</param>
            <returns></returns>
        </member>
        <member name="M:Common.MapHelper.Address2GXGY(System.String)">
            <summary>
            根据地址返回火星坐标，默认在上海市搜索
            </summary>
        </member>
        <member name="M:Common.MapHelper.Address2GXGY(System.String,System.String)">
            <summary>
            根据地址返回火星坐标
            </summary>
        </member>
        <member name="M:Common.MapHelper.Address2XY(System.String)">
            <summary>
            根据地址返回GPS坐标，默认在上海市搜索
            </summary>
        </member>
        <member name="M:Common.MapHelper.Address2XY(System.String,System.String)">
            <summary>
            根据地址返回GPS坐标，默认在上海市搜索
            </summary>
        </member>
        <member name="M:Common.MapHelper.GetDistance(System.Double,System.Double,System.Double,System.Double)">
            <summary>
            计算2坐标的距离，此方法适合短距离计算
            </summary>
            <param name="lng1">经度1</param>
            <param name="lat1">纬度1</param>
            <param name="lng2">经度2</param>
            <param name="lat2">纬度2</param>
            <returns></returns>
        </member>
        <member name="M:Common.MapHelper.GetAround(System.Double,System.Double,System.Int32)">
            <summary>
            查找附近
            </summary>
            <param name="lng">经度</param>
            <param name="lat">纬度</param>
            <param name="raidus">查找范围,单位为米(m)</param>
            <returns>返回最小坐标，最大坐标</returns>
        </member>
        <member name="T:Common.MapHelper.Map">
            <summary>
            百度地图坐标转换返回的Json对象类
            </summary>
        </member>
        <member name="T:Common.MapHelper.MapEnum">
            <summary>
            地图类型枚举
            </summary>
        </member>
        <member name="T:Common.NetHelper">
            <summary>  
            网络操作相关的类  
            </summary>      
        </member>
        <member name="M:Common.NetHelper.GetValidPort(System.String)">
            <summary>  
            检查设置的端口号是否正确，并返回正确的端口号,无效端口号返回-1。  
            </summary>  
            <param name="port">设置的端口号</param>          
        </member>
        <member name="M:Common.NetHelper.StringToIPAddress(System.String)">
            <summary>  
            将字符串形式的IP地址转换成IPAddress对象  
            </summary>  
            <param name="ip">字符串形式的IP地址</param>
        </member>
        <member name="M:Common.NetHelper.GetClientIP(System.Net.Sockets.Socket)">
            <summary>  
            获取远程客户机的IP地址  
            </summary>  
            <param name="clientSocket">客户端的socket对象</param>          
        </member>
        <member name="M:Common.NetHelper.CreateIPEndPoint(System.String,System.Int32)">
            <summary>  
            创建一个IPEndPoint对象  
            </summary>  
            <param name="ip">IP地址</param>  
            <param name="port">端口号</param>          
        </member>
        <member name="M:Common.NetHelper.CreateTcpListener">
            <summary>  
            创建一个自动分配IP和端口的TcpListener对象  
            </summary>          
        </member>
        <member name="M:Common.NetHelper.CreateTcpListener(System.String,System.Int32)">
            <summary>  
            创建一个TcpListener对象  
            </summary>  
            <param name="ip">IP地址</param>  
            <param name="port">端口</param>          
        </member>
        <member name="M:Common.NetHelper.CreateTcpSocket">
            <summary>  
            创建一个基于TCP协议的Socket对象  
            </summary>          
        </member>
        <member name="M:Common.NetHelper.CreateUdpSocket">
            <summary>  
            创建一个基于UDP协议的Socket对象  
            </summary>          
        </member>
        <member name="M:Common.NetHelper.GetLocalPoint(System.Net.Sockets.TcpListener)">
            <summary>  
            获取TcpListener对象的本地终结点  
            </summary>  
            <param name="tcpListener">TcpListener对象</param>          
        </member>
        <member name="M:Common.NetHelper.GetLocalPoint_IP(System.Net.Sockets.TcpListener)">
            <summary>  
            获取TcpListener对象的本地终结点的IP地址  
            </summary>  
            <param name="tcpListener">TcpListener对象</param>          
        </member>
        <member name="M:Common.NetHelper.GetLocalPoint_Port(System.Net.Sockets.TcpListener)">
            <summary>  
            获取TcpListener对象的本地终结点的端口号  
            </summary>  
            <param name="tcpListener">TcpListener对象</param>          
        </member>
        <member name="M:Common.NetHelper.GetLocalPoint(System.Net.Sockets.Socket)">
            <summary>  
            获取Socket对象的本地终结点  
            </summary>  
            <param name="socket">Socket对象</param>          
        </member>
        <member name="M:Common.NetHelper.GetLocalPoint_IP(System.Net.Sockets.Socket)">
            <summary>  
            获取Socket对象的本地终结点的IP地址  
            </summary>  
            <param name="socket">Socket对象</param>          
        </member>
        <member name="M:Common.NetHelper.GetLocalPoint_Port(System.Net.Sockets.Socket)">
            <summary>  
            获取Socket对象的本地终结点的端口号  
            </summary>  
            <param name="socket">Socket对象</param>          
        </member>
        <member name="M:Common.NetHelper.BindEndPoint(System.Net.Sockets.Socket,System.Net.IPEndPoint)">
            <summary>  
            绑定终结点  
            </summary>  
            <param name="socket">Socket对象</param>  
            <param name="endPoint">要绑定的终结点</param>  
        </member>
        <member name="M:Common.NetHelper.BindEndPoint(System.Net.Sockets.Socket,System.String,System.Int32)">
            <summary>  
            绑定终结点  
            </summary>  
            <param name="socket">Socket对象</param>          
            <param name="ip">服务器IP地址</param>  
            <param name="port">服务器端口</param>  
        </member>
        <member name="M:Common.NetHelper.StartListen(System.Net.Sockets.Socket,System.Int32)">
            <summary>  
            指定Socket对象执行监听，默认允许的最大挂起连接数为100  
            </summary>  
            <param name="socket">执行监听的Socket对象</param>  
            <param name="port">监听的端口号</param>  
        </member>
        <member name="M:Common.NetHelper.StartListen(System.Net.Sockets.Socket,System.Int32,System.Int32)">
            <summary>  
            指定Socket对象执行监听  
            </summary>  
            <param name="socket">执行监听的Socket对象</param>  
            <param name="port">监听的端口号</param>  
            <param name="maxConnection">允许的最大挂起连接数</param>  
        </member>
        <member name="M:Common.NetHelper.StartListen(System.Net.Sockets.Socket,System.String,System.Int32,System.Int32)">
            <summary>  
            指定Socket对象执行监听  
            </summary>  
            <param name="socket">执行监听的Socket对象</param>  
            <param name="ip">监听的IP地址</param>  
            <param name="port">监听的端口号</param>  
            <param name="maxConnection">允许的最大挂起连接数</param>  
        </member>
        <member name="M:Common.NetHelper.Connect(System.Net.Sockets.Socket,System.String,System.Int32)">
            <summary>  
            连接到基于TCP协议的服务器,连接成功返回true，否则返回false  
            </summary>  
            <param name="socket">Socket对象</param>  
            <param name="ip">服务器IP地址</param>  
            <param name="port">服务器端口号</param>       
        </member>
        <member name="M:Common.NetHelper.SendMsg(System.Net.Sockets.Socket,System.Byte[])">
            <summary>  
            以同步方式向指定的Socket对象发送消息  
            </summary>  
            <param name="socket">socket对象</param>  
            <param name="msg">发送的消息</param>  
        </member>
        <member name="M:Common.NetHelper.SendMsg(System.Net.Sockets.Socket,System.String)">
            <summary>  
            使用UTF8编码格式以同步方式向指定的Socket对象发送消息  
            </summary>  
            <param name="socket">socket对象</param>  
            <param name="msg">发送的消息</param>  
        </member>
        <member name="M:Common.NetHelper.ReceiveMsg(System.Net.Sockets.Socket,System.Byte[])">
            <summary>  
            以同步方式接收消息  
            </summary>  
            <param name="socket">socket对象</param>  
            <param name="buffer">接收消息的缓冲区</param>  
        </member>
        <member name="M:Common.NetHelper.ReceiveMsg(System.Net.Sockets.Socket)">
            <summary>  
            以同步方式接收消息，并转换为UTF8编码格式的字符串,使用5000字节的默认缓冲区接收。  
            </summary>  
            <param name="socket">socket对象</param>          
        </member>
        <member name="M:Common.NetHelper.Close(System.Net.Sockets.Socket)">
            <summary>  
            关闭基于Tcp协议的Socket对象  
            </summary>  
            <param name="socket">要关闭的Socket对象</param>  
        </member>
        <member name="M:Common.NetHelper.SendEmail(System.String,System.String,System.String,System.Boolean)">
            <summary>  
            发送电子邮件,所有SMTP配置信息均在config配置文件中system.net节设置.  
            </summary>  
            <param name="receiveEmail">接收电子邮件的地址</param>  
            <param name="msgSubject">电子邮件的标题</param>  
            <param name="msgBody">电子邮件的正文</param>  
            <param name="IsEnableSSL">是否开启SSL</param>  
        </member>
        <member name="P:Common.NetHelper.LocalHostName">
            <summary>  
            获取本机的计算机名  
            </summary>  
        </member>
        <member name="P:Common.NetHelper.LANIP">
            <summary>  
            获取本机的局域网IP  
            </summary>          
        </member>
        <member name="P:Common.NetHelper.WANIP">
            <summary>  
            获取本机在Internet网络的广域网IP  
            </summary>          
        </member>
        <member name="T:Common.CSVHelper">
            <summary>
            导出到CSV
            </summary>
        </member>
        <member name="M:Common.CSVHelper.ConvertToSaveCell(System.Object)">
            <summary>
            空格，双引号等照原输出，逗号换成中文
            </summary>
            <param name="cell"></param>
            <returns></returns>
        </member>
        <member name="M:Common.CSVHelper.GetData(System.String,System.Text.Encoding)">
            <summary>
            将CSV文件的数据读取到DataTable中
            </summary>
            <param name="fileName">CSV文件路径</param>
            <returns>返回读取了CSV数据的DataTable</returns>
        </member>
        <member name="M:Common.SMSHelper.Send(System.String,System.String,System.String)">
            <summary>
            发送短信息
            </summary>
            <param name="mobile">手机</param>
            <param name="msg">内容</param>
            <param name="signature">签名</param>
        </member>
        <member name="M:Common.UploadHepler.AttachmentUrl(System.Object)">
            <summary>
            获取图片上传上来后返回的httpurl
            </summary>
            <param name="name"></param>
            <param name="path"></param>
            <returns></returns>
        </member>
        <member name="M:Common.UploadHepler.AttachmentIcoUrl(System.Object,System.String)">
            <summary>
            获得附件的ico图标
            </summary>
            <param name="path"></param>
            <param name="_fix"></param>
            <returns></returns>
        </member>
        <member name="M:Common.UploadHepler.AttachmentThumbnailUrl(System.String,System.Object,System.String)">
            <summary>
            获取缩略图的url
            </summary>
            <param name="name"></param>
            <param name="path"></param>
            <param name="ThumbnailName">缩略图名称</param>
            <returns></returns>
        </member>
        <member name="M:Common.UploadHepler.AttachmentPath(System.Object)">
            <summary>
            返回附件的绝对地址
            </summary>
            <param name="obj"></param>
            <returns></returns>
        </member>
        <member name="M:Common.UploadHepler.MakeThumbnail(System.String,System.String,System.Int32,System.Int32,System.String)">
            <summary> 
             生成缩略图 
             </summary> 
             <param name="originalImagePath">源图路径（物理路径）</param> 
             <param name="thumbnailPath">缩略图路径（物理路径）</param> 
             <param name="width">缩略图宽度</param> 
             <param name="height">缩略图高度</param> 
             <param name="mode">生成缩略图的方式HW/W/H/CUT</param>     
        </member>
        <member name="M:Common.UploadHepler.WatermarkImage(System.String,System.String,System.String@)">
            <summary>
            创建水印
            </summary>
            <param name="imgpath"></param>
            <param name="WaterMarkPicPath"></param>
            <param name="newFilePath"></param>
        </member>
        <member name="M:Common.UploadHepler.AttachmentLength(System.Object)">
            <summary>
            获得附件的大小KB
            </summary>
            <param name="obj"></param>
            <returns></returns>
        </member>
        <member name="M:Common.UploadHepler.ConvertAttachmentLength(System.Double)">
            <summary>
            计算附件大小
            </summary>
            <param name="length"></param>
            <returns></returns>
        </member>
        <member name="M:Common.UploadHepler.AttachmentLength(System.Nullable{System.Int32})">
            <summary>
            获得附件的大小KB
            </summary>
            <param name="obj"></param>
            <returns></returns>
        </member>
        <member name="P:Common.UploadHepler.Path">
            <summary>
            获得图片上传目录
            </summary>
        </member>
        <member name="M:Common.UrlHelper.IsBase64(System.String)">
            <summary>  
            判断是否是Base64编码
            </summary>  
            <param name="eStr"></param>  
            <returns></returns>  
        </member>
        <member name="M:Common.UrlHelper.AddParam(System.String,System.String,System.String)">
            <summary>  
            URL中添加参数
            </summary>  
        </member>
        <member name="M:Common.UrlHelper.UpdateParam(System.String,System.String,System.String)">
            <summary>  
            更新URL中的参数
            </summary>  
        </member>
        <member name="M:Common.UrlHelper.GetPamas``1(``0)">
            <summary>
            获取参数
            </summary>
            <typeparam name="T"></typeparam>
            <param name="t"></param>
            <returns></returns>
        </member>
        <member name="M:Common.UrlHelper.GetDictionary(System.String)">
            <summary>
            将string分成字典
            </summary>
            <param name="pamas"></param>
            <returns></returns>
        </member>
        <member name="P:Common.UrlHelper.HostUrl">
            <summary>
            当前域名
            </summary>
        </member>
        <member name="P:Common.UrlHelper.CurrentUrl">
            <summary>
            当前url
            </summary>
        </member>
        <member name="P:Common.UrlHelper.BackUrl">
            <summary>
            上个url
            </summary>
        </member>
        <member name="P:Common.UrlHelper.IP">
            <summary>
            获取IP地址
            </summary>
        </member>
        <member name="M:Common.Validate.FetchInputDigit(System.Web.HttpRequest,System.String,System.Int32)">
            <summary>
            检查Request查询字符串的键值，是否是数字，最大长度限制
            </summary>
            <param name="req">Request</param>
            <param name="inputKey">Request的键值</param>
            <param name="maxLen">最大长度</param>
            <returns>返回Request查询字符串</returns>
        </member>
        <member name="M:Common.Validate.IsNumber(System.String)">
            <summary>
            是否数字
            </summary>
            <param name="inputData">输入字符串</param>
            <returns></returns>
        </member>
        <member name="M:Common.Validate.IsNumberSign(System.String)">
            <summary>
            是否数字字符串 可带正负号
            </summary>
            <param name="inputData">输入字符串</param>
            <returns></returns>
        </member>
        <member name="M:Common.Validate.IsDecimal(System.String)">
            <summary>
            是否是浮点数
            </summary>
            <param name="inputData">输入字符串</param>
            <returns></returns>
        </member>
        <member name="M:Common.Validate.IsDecimalSign(System.String)">
            <summary>
            是否是浮点数 可带正负号
            </summary>
            <param name="inputData">输入字符串</param>
            <returns></returns>
        </member>
        <member name="M:Common.Validate.IsDateTime(System.String)">
            <summary>
            判断是否是有效的日期
            </summary>
            <param name="inputData">输入字符串</param>
            <returns></returns>
        </member>
        <member name="M:Common.Validate.IsHasCHZN(System.String)">
            <summary>
            检测是否有中文字符
            </summary>
            <param name="inputData"></param>
            <returns></returns>
        </member>
        <member name="M:Common.Validate.IsEmail(System.String)">
            <summary>
            是否是邮件地址
            </summary>
            <param name="inputData">输入字符串</param>
            <returns></returns>
        </member>
        <member name="M:Common.Validate.IsMobile(System.String)">
            <summary>
            是否是手机号码
            </summary>
            <param name="inputData">输入字符串</param>
            <returns></returns>
        </member>
        <member name="M:Common.Validate.IsValidDecimal(System.String)">
            <summary>
            验证是否为小数
            </summary>
            <param name="strIn"></param>
            <returns></returns>
        </member>
        <member name="M:Common.Validate.IsValidTel(System.String)">
            <summary>
            验证是否为电话号码
            </summary>
            <param name="strIn"></param>
            <returns></returns>
        </member>
        <member name="M:Common.Validate.IsValidDate(System.String)">
            <summary>
            验证是否为时间格式 
            </summary>
            <param name="strIn"></param>
            <returns></returns>
        </member>
        <member name="M:Common.Validate.IsValidPostfix(System.String,System.String)">
            <summary>
            验证后缀名 使用|分隔如：gif|jpg
            </summary>
            <param name="strIn"></param>
            <returns></returns>
        </member>
        <member name="M:Common.Validate.IsValidByte(System.String,System.Int32,System.Int32)">
            <summary>
            验证字符长度
            </summary>
            <param name="strIn">输入值</param>
            <param name="minlen">最小长度</param>
            <param name="maxlen">最大长度</param>
            <returns></returns>
        </member>
        <member name="M:Common.Validate.IsValidIp(System.String)">
            <summary>
            验证IP 
            </summary>
            <param name="strIn"></param>
            <returns></returns>
        </member>
        <member name="M:Common.Validate.IsShenFenZheng(System.String)">
            <summary>
            验证身份证
            </summary>
            <param name="strIn"></param>
            <returns></returns>
        </member>
        <member name="M:Common.Validate.IsZipCode(System.String)">
            <summary>
            验证是否为邮编
            </summary>
            <param name="strIn"></param>
            <returns></returns>
        </member>
        <member name="M:Common.Validate.SqlText(System.String,System.Int32)">
            <summary>
            检查字符串最大长度，返回指定长度的串
            </summary>
            <param name="sqlInput">输入字符串</param>
            <param name="maxLength">最大长度</param>
            <returns></returns>			
        </member>
        <member name="M:Common.VerifyCode.Next(System.Int32)">
            
            <summary>
            获得下一个随机数
            </summary>
            <param name="max">最大值</param>
            <returns></returns>
        </member>
        <member name="M:Common.VerifyCode.Next(System.Int32,System.Int32)">
            
            <summary>
            获得下一个随机数
            </summary>
            <param name="min">最小值</param>
            <param name="max">最大值</param>
            <returns></returns>
        </member>
        <member name="T:Common.XMLHelper">
            <summary>
            辅助操作XML
            </summary>
        </member>
        <member name="M:Common.XMLHelper.#ctor(System.String)">
            <summary>
            构造方法
            </summary>
            <param name="xmlPath"></param>
        </member>
        <member name="M:Common.XMLHelper.Append(System.Xml.XmlElement)">
            <summary>
            添加内容
            </summary>
            <param name="path"></param>
            <param name="element"></param>
            <returns></returns>
        </member>
        <member name="M:Common.XMLHelper.Append(System.Xml.XmlNode)">
            <summary>
            添加内容
            </summary>
            <param name="path"></param>
            <param name="node"></param>
            <returns></returns>
        </member>
        <member name="M:Common.XMLHelper.GetNode(System.String)">
            <summary>
            获取节点
            </summary>
            <param name="path"></param>
            <param name="xpath">xpath 表达式：descendant::bk:book[bk:author/bk:last-name='Kingsolver']</param>
            <returns></returns>
        </member>
        <member name="M:Common.XMLHelper.GetNode(System.Xml.XmlNode,System.String)">
            <summary>
            根据父节点获取节点
            </summary>
            <param name="path"></param>
            <param name="parent"></param>
            <param name="name"></param>
            <returns></returns>
        </member>
        <member name="M:Common.XMLHelper.Insert(System.String,System.Xml.XmlNode)">
            <summary>
            插入节点
            </summary>
            <param name="path"></param>
            <param name="xpath"></param>
            <param name="node"></param>
            <returns></returns>
        </member>
        <member name="M:Common.XMLHelper.Insert(System.String,System.Xml.XmlNode,System.Int32)">
            <summary>
            插入到节点的指定位置
            </summary>
            <param name="path"></param>
            <param name="xpath"></param>
            <param name="node"></param>
            <param name="index"></param>
            <returns></returns>
        </member>
        <member name="M:Common.XMLHelper.Update(System.Xml.XmlNode)">
            <summary>
            更新节点
            </summary>
            <param name="node"></param>
            <returns></returns>
        </member>
        <member name="M:Common.XMLHelper.Update(System.String,System.String)">
            <summary>
            更新节点值
            </summary>
            <param name="name"></param>
            <param name="value"></param>
            <returns></returns>
        </member>
        <member name="M:Common.XMLHelper.Delete(System.Xml.XmlNode)">
            <summary>
            删除
            </summary>
            <param name="node"></param>
            <returns></returns>
        </member>
        <member name="M:Common.XMLHelper.Delete(System.String)">
            <summary>
            删除
            </summary>
            <param name="name"></param>
            <returns></returns>
        </member>
        <member name="M:Common.XMLHelper.XMLToDataSet(System.Xml.XmlDocument,System.String)">
            <summary>
            从XML转换成DS
            </summary>
            <param name="doc"></param>
            <param name="path"></param>
            <returns></returns>
        </member>
        <member name="M:Common.XMLHelper.DataSetToXML(System.Data.DataSet,System.String)">
            <summary>
            将DS转换成XmlDocument
            </summary>
            <param name="ds"></param>
            <param name="path"></param>
            <returns></returns>
        </member>
        <member name="T:Common.ZIPHelper">
            <summary>
            winRar压缩解压缩处理类
            </summary>
        </member>
        <member name="M:Common.ZIPHelper.#ctor">
            <summary>
            初始化
            </summary>
        </member>
        <member name="M:Common.ZIPHelper.Compression(System.String)">
            <summary>
            添加文件到压缩文件
            </summary>
            <param name="pathAndName">文件地址（*.*）</param>
            <returns></returns>
        </member>
        <member name="M:Common.ZIPHelper.Compression(System.String,System.String)">
            <summary>
            添加文件到压缩文件
            </summary>
            <param name="pathAndName">文件地址（*.*）</param>
            <param name="strzipPath">输出文件地址（*.*）</param>
            <returns></returns>
        </member>
        <member name="M:Common.ZIPHelper.Compression(System.String[],System.String)">
            <summary>
            添加文件到压缩文件（指定多个文件压缩）
            </summary>
            <param name="pathAndName">文件地址（*.*）</param>
            <param name="strzipPath">输出文件地址（*.*）</param>
            <returns></returns>
        </member>
        <member name="M:Common.ZIPHelper.CompressionForDelete(System.String)">
            <summary>
            压缩并删除原来文件
            </summary>
            <param name="pathAndName">文件地址</param>
            <returns></returns>
        </member>
        <member name="M:Common.ZIPHelper.CompressionForDelete(System.String,System.String)">
            <summary>
            压缩并删除原来文件
            </summary>
            <param name="pathAndName">文件地址</param>
            <param name="strzipPath">zip文件地址</param>
            <returns></returns>
        </member>
        <member name="M:Common.ZIPHelper.Compression(System.String,System.String,System.String,System.Nullable{System.Boolean})">
            <summary>
            压缩文件、目录（若选择删除，则路迳只能是文件）
            </summary>
            <param name="path">文件、目录地址</param>
            <param name="targetPath">指定的输出压缩文件地址</param>
            <param name="password"></param>
            <param name="isDelete">仅对文件</param>
            <returns></returns>
        </member>
        <member name="M:Common.ZIPHelper.Decompression(System.String)">
            <summary>
            解压缩单个文件
            </summary>
            <param name="pathAndName">zip文件地址</param>
            <returns></returns>
        </member>
        <member name="M:Common.ZIPHelper.Decompression(System.String,System.String,System.String)">
            <summary>
            解压缩加密码文件
            </summary>
            <param name="pathAndName">zip文件地址</param>
            <param name="targetPath">解压到指定目录（不指定为当前目录）</param>
            <param name="password">可以为空</param>
            <returns></returns>
        </member>
    </members>
</doc>
