{
  "name": "WebApp-webpack",
  "version": "1.0.0",
  "license": "ISC",
  "scripts": {
    "build": "webpack --progress",
    "build:prod": "webpack -p --progress",
    "postinstall": "typings install",
    "server": "webpack-dev-server --inline --progress"
  },
  "devDependencies": {
    "angular2-template-loader": "0.5.0",
    "raw-loader": "0.5.1",
    "html-webpack-plugin": "2.22.0",
    "ts-loader": "^0.9.5",
    "typescript": "^2.0.6",
    "typings": "^1.5.0",
    "webpack": "^1.13.3",
    "webpack-dev-server": "^1.16.2"
  }
}
