{
    "id": 2,
    "title": "结直肠癌疾病基础与治疗",
    "source": [
        {
            "type": "video/mp4",
            "src": "http://cdn.edstatic.com/202003120126/c985501571069ad967da40b47e120f33/2017/03/ad4e1802-7e19-893f-f490-5c7011f700fd/media/live.mp4",
            "label": "演讲",
            "res": 2
        },
        {
            "type": "video/mp4",
            "src": "http://cdn.edstatic.com/202003120126/7648c68b1ae185b4f0d797dfb20f798c/2017/03/ad4e1802-7e19-893f-f490-5c7011f700fd/media/slides.mp4",
            "label": "幻灯",
            "res": 1
        }
    ],
    "timeline": [
        {
            "time": 0,
            "file": "http://cdn.edstatic.com/202003120126/7ac30db52d4cdf6ae17ebbc26d873985/2017/03/ad4e1802-7e19-893f-f490-5c7011f700fd/images/1.jpg"
        },
        {
            "time": 23,
            "file": "http://cdn.edstatic.com/202003120126/de2950d3ab3f0bfb1eaee40d6034334a/2017/03/ad4e1802-7e19-893f-f490-5c7011f700fd/images/2.jpg"
        },
        {
            "time": 24,
            "file": "http://cdn.edstatic.com/202003120126/5570120398070fc87063d794e720cafc/2017/03/ad4e1802-7e19-893f-f490-5c7011f700fd/images/3.jpg"
        },
        {
            "time": 26,
            "file": "http://cdn.edstatic.com/202003120126/8f9342744fffabe6ad40d45a1f542ea8/2017/03/ad4e1802-7e19-893f-f490-5c7011f700fd/images/4.jpg"
        },
        {
            "time": 27,
            "file": "http://cdn.edstatic.com/202003120126/59f92d420e69d08ef4c70a627ca8d268/2017/03/ad4e1802-7e19-893f-f490-5c7011f700fd/images/5.jpg"
        },
        {
            "time": 88,
            "file": "http://cdn.edstatic.com/202003120126/b535eaea18bd62497edbc0851c484b35/2017/03/ad4e1802-7e19-893f-f490-5c7011f700fd/images/6.jpg"
        },
        {
            "time": 116,
            "file": "http://cdn.edstatic.com/202003120126/aebf45dce42b8606a171fbf71532d54e/2017/03/ad4e1802-7e19-893f-f490-5c7011f700fd/images/7.jpg"
        },
        {
            "time": 161,
            "file": "http://cdn.edstatic.com/202003120126/04c47a68d3c5e479390e624af43e9159/2017/03/ad4e1802-7e19-893f-f490-5c7011f700fd/images/8.jpg"
        },
        {
            "time": 304,
            "file": "http://cdn.edstatic.com/202003120126/fdda758041c096714709886437838d2b/2017/03/ad4e1802-7e19-893f-f490-5c7011f700fd/images/9.jpg"
        },
        {
            "time": 452,
            "file": "http://cdn.edstatic.com/202003120126/d8c4e3419fce54674316ef49d913d888/2017/03/ad4e1802-7e19-893f-f490-5c7011f700fd/images/10.jpg"
        },
        {
            "time": 560,
            "file": "http://cdn.edstatic.com/202003120126/70f8a02daa9a10f6758abe0a8faa1601/2017/03/ad4e1802-7e19-893f-f490-5c7011f700fd/images/11.jpg"
        },
        {
            "time": 596,
            "file": "http://cdn.edstatic.com/202003120126/67eafcf9c23c2734bf870c02495ab32f/2017/03/ad4e1802-7e19-893f-f490-5c7011f700fd/images/12.jpg"
        },
        {
            "time": 672,
            "file": "http://cdn.edstatic.com/202003120126/4e3970285ab819ef0c5b05b3de4593b6/2017/03/ad4e1802-7e19-893f-f490-5c7011f700fd/images/13.jpg"
        },
        {
            "time": 879,
            "file": "http://cdn.edstatic.com/202003120126/a5fca6010adf9af69bf11424dc5a0d42/2017/03/ad4e1802-7e19-893f-f490-5c7011f700fd/images/14.jpg"
        },
        {
            "time": 928,
            "file": "http://cdn.edstatic.com/202003120126/89ad76e6f09889da6dcad6e1db93b233/2017/03/ad4e1802-7e19-893f-f490-5c7011f700fd/images/15.jpg"
        },
        {
            "time": 943,
            "file": "http://cdn.edstatic.com/202003120126/f1b9533b52e21e512976b5c72d5ae915/2017/03/ad4e1802-7e19-893f-f490-5c7011f700fd/images/16.jpg"
        },
        {
            "time": 1072,
            "file": "http://cdn.edstatic.com/202003120126/38a2b3d80801b3a758dd48955eb2e6d2/2017/03/ad4e1802-7e19-893f-f490-5c7011f700fd/images/17.jpg"
        },
        {
            "time": 1241,
            "file": "http://cdn.edstatic.com/202003120126/5aad3eb3a58c9d9df311b6bb370b42d6/2017/03/ad4e1802-7e19-893f-f490-5c7011f700fd/images/18.jpg"
        },
        {
            "time": 1247,
            "file": "http://cdn.edstatic.com/202003120126/1a3292a79de13109ffc21775c801cb15/2017/03/ad4e1802-7e19-893f-f490-5c7011f700fd/images/19.jpg"
        },
        {
            "time": 1249,
            "file": "http://cdn.edstatic.com/202003120126/7fc2a9bc77c257ceed02fb1f8168b145/2017/03/ad4e1802-7e19-893f-f490-5c7011f700fd/images/20.jpg"
        },
        {
            "time": 1300,
            "file": "http://cdn.edstatic.com/202003120126/6b3c2501bb71232a62784a1b97fbdcbc/2017/03/ad4e1802-7e19-893f-f490-5c7011f700fd/images/21.jpg"
        },
        {
            "time": 1309,
            "file": "http://cdn.edstatic.com/202003120126/844fddcd3f5685f3cca634abe1bce664/2017/03/ad4e1802-7e19-893f-f490-5c7011f700fd/images/22.jpg"
        },
        {
            "time": 1344,
            "file": "http://cdn.edstatic.com/202003120126/8f385b6ce430e27cedc6f265b6a9d54d/2017/03/ad4e1802-7e19-893f-f490-5c7011f700fd/images/23.jpg"
        },
        {
            "time": 1352,
            "file": "http://cdn.edstatic.com/202003120126/39e9152fb5b57b9edf19ba0d1f09d589/2017/03/ad4e1802-7e19-893f-f490-5c7011f700fd/images/24.jpg"
        },
        {
            "time": 1416,
            "file": "http://cdn.edstatic.com/202003120126/7c672cfd9d3bd323911f05c964329f67/2017/03/ad4e1802-7e19-893f-f490-5c7011f700fd/images/25.jpg"
        },
        {
            "time": 1428,
            "file": "http://cdn.edstatic.com/202003120126/df1293660346885e6756cd002793cf0a/2017/03/ad4e1802-7e19-893f-f490-5c7011f700fd/images/26.jpg"
        },
        {
            "time": 1435,
            "file": "http://cdn.edstatic.com/202003120126/a66696e6c51ce06fb5eb0606d81e6952/2017/03/ad4e1802-7e19-893f-f490-5c7011f700fd/images/27.jpg"
        },
        {
            "time": 1459,
            "file": "http://cdn.edstatic.com/202003120126/abc70012361831eb985cf12f992ebb22/2017/03/ad4e1802-7e19-893f-f490-5c7011f700fd/images/28.jpg"
        },
        {
            "time": 1463,
            "file": "http://cdn.edstatic.com/202003120126/d442366dd6f14680210f28979aa51117/2017/03/ad4e1802-7e19-893f-f490-5c7011f700fd/images/29.jpg"
        },
        {
            "time": 1476,
            "file": "http://cdn.edstatic.com/202003120126/f17efcddd8d337d50a60d04f2728a40c/2017/03/ad4e1802-7e19-893f-f490-5c7011f700fd/images/30.jpg"
        },
        {
            "time": 1508,
            "file": "http://cdn.edstatic.com/202003120126/1da5558860c44d1784fc43db5ce3da60/2017/03/ad4e1802-7e19-893f-f490-5c7011f700fd/images/31.jpg"
        },
        {
            "time": 1518,
            "file": "http://cdn.edstatic.com/202003120126/f24692cf0515d909fc322075bb4d3b4e/2017/03/ad4e1802-7e19-893f-f490-5c7011f700fd/images/32.jpg"
        },
        {
            "time": 1525,
            "file": "http://cdn.edstatic.com/202003120126/fda79919ed7d0db316dfae4c1a03521f/2017/03/ad4e1802-7e19-893f-f490-5c7011f700fd/images/33.jpg"
        },
        {
            "time": 1544,
            "file": "http://cdn.edstatic.com/202003120126/df0c3528d2d878a8ce082e5edcdd9cb2/2017/03/ad4e1802-7e19-893f-f490-5c7011f700fd/images/34.jpg"
        },
        {
            "time": 1557,
            "file": "http://cdn.edstatic.com/202003120126/acf201af25293db06ddce69647b770e2/2017/03/ad4e1802-7e19-893f-f490-5c7011f700fd/images/35.jpg"
        },
        {
            "time": 1587,
            "file": "http://cdn.edstatic.com/202003120126/b7cb7b91e097820cb0b51069fa040b50/2017/03/ad4e1802-7e19-893f-f490-5c7011f700fd/images/36.jpg"
        },
        {
            "time": 1591,
            "file": "http://cdn.edstatic.com/202003120126/30f98eb4b14c558cce5d34c5ebe6d890/2017/03/ad4e1802-7e19-893f-f490-5c7011f700fd/images/37.jpg"
        },
        {
            "time": 1613,
            "file": "http://cdn.edstatic.com/202003120126/2fd0e70750e7df73f3d37d43c5079bb2/2017/03/ad4e1802-7e19-893f-f490-5c7011f700fd/images/38.jpg"
        },
        {
            "time": 1623,
            "file": "http://cdn.edstatic.com/202003120126/5ce78f987ea291358523e1e70e438673/2017/03/ad4e1802-7e19-893f-f490-5c7011f700fd/images/39.jpg"
        },
        {
            "time": 1680,
            "file": "http://cdn.edstatic.com/202003120126/c04087a27232886467f87fd809edbc97/2017/03/ad4e1802-7e19-893f-f490-5c7011f700fd/images/40.jpg"
        },
        {
            "time": 1683,
            "file": "http://cdn.edstatic.com/202003120126/9bd28fa6fbe5a447d3f1b7281d7e40cf/2017/03/ad4e1802-7e19-893f-f490-5c7011f700fd/images/41.jpg"
        },
        {
            "time": 1716,
            "file": "http://cdn.edstatic.com/202003120126/e14f9000dca2127c527008f59dd1d401/2017/03/ad4e1802-7e19-893f-f490-5c7011f700fd/images/42.jpg"
        },
        {
            "time": 1723,
            "file": "http://cdn.edstatic.com/202003120126/ad82f16d3c626a14627231edb0d9af41/2017/03/ad4e1802-7e19-893f-f490-5c7011f700fd/images/43.jpg"
        },
        {
            "time": 1748,
            "file": "http://cdn.edstatic.com/202003120126/9ccc56b7961f5116cc5f7ba37fb12aaf/2017/03/ad4e1802-7e19-893f-f490-5c7011f700fd/images/44.jpg"
        },
        {
            "time": 1789,
            "file": "http://cdn.edstatic.com/202003120126/835dabf802624f58f2a69ccd43a23384/2017/03/ad4e1802-7e19-893f-f490-5c7011f700fd/images/45.jpg"
        },
        {
            "time": 1794,
            "file": "http://cdn.edstatic.com/202003120126/4ae9d8c9ab2cffcf8a43ba31df924f6e/2017/03/ad4e1802-7e19-893f-f490-5c7011f700fd/images/46.jpg"
        },
        {
            "time": 1916,
            "file": "http://cdn.edstatic.com/202003120126/ea4225293cab094b5b5c5cabf83e5f84/2017/03/ad4e1802-7e19-893f-f490-5c7011f700fd/images/47.jpg"
        },
        {
            "time": 1922,
            "file": "http://cdn.edstatic.com/202003120126/78a69e881d8ecef7bd68b4ae3ca3b14e/2017/03/ad4e1802-7e19-893f-f490-5c7011f700fd/images/48.jpg"
        },
        {
            "time": 1949,
            "file": "http://cdn.edstatic.com/202003120126/b6b641a0c07f12496d5d0f1a9a9dc8a3/2017/03/ad4e1802-7e19-893f-f490-5c7011f700fd/images/49.jpg"
        },
        {
            "time": 1954,
            "file": "http://cdn.edstatic.com/202003120126/dcaa78e783e678173dfc8697af82fd1e/2017/03/ad4e1802-7e19-893f-f490-5c7011f700fd/images/50.jpg"
        },
        {
            "time": 2006,
            "file": "http://cdn.edstatic.com/202003120126/35a8a0e06cd8afbe963181265b46e0ae/2017/03/ad4e1802-7e19-893f-f490-5c7011f700fd/images/51.jpg"
        },
        {
            "time": 2008,
            "file": "http://cdn.edstatic.com/202003120126/847c4dc6c3b0692f815e57cfdfb8b86f/2017/03/ad4e1802-7e19-893f-f490-5c7011f700fd/images/52.jpg"
        },
        {
            "time": 2037,
            "file": "http://cdn.edstatic.com/202003120126/8ae285f664cc9bfac0754ae5ba27933e/2017/03/ad4e1802-7e19-893f-f490-5c7011f700fd/images/53.jpg"
        }
    ]
}
