{
    "id": 3,
    "title": "安维汀结直肠癌关键临床研究解读",
    "source": [
        {
            "type": "video/mp4",
            "src": "http://cdn.edstatic.com/202003120126/7e42c458f8f6408df18f352de15908b5/2017/03/b2958b94-9943-6b80-6701-0b58a9e255ab/media/live.mp4",
            "label": "演讲",
            "res": 2
        },
        {
            "type": "video/mp4",
            "src": "http://cdn.edstatic.com/202003120126/60d9b4df8b3cb73f55da87c2a5f921a4/2017/03/b2958b94-9943-6b80-6701-0b58a9e255ab/media/slides.mp4",
            "label": "幻灯",
            "res": 1
        }
    ],
    "timeline": [
        {
            "time": 0,
            "file": "http://cdn.edstatic.com/202003120126/b9bf9ec82c18092c9da0ee8514c1106d/2017/03/b2958b94-9943-6b80-6701-0b58a9e255ab/images/1.jpg"
        },
        {
            "time": 30,
            "file": "http://cdn.edstatic.com/202003120126/c05c36a72f5c6247bb6a1135030b160b/2017/03/b2958b94-9943-6b80-6701-0b58a9e255ab/images/2.jpg"
        },
        {
            "time": 31,
            "file": "http://cdn.edstatic.com/202003120126/a1189a0eac0e73a9abd27d135b4747da/2017/03/b2958b94-9943-6b80-6701-0b58a9e255ab/images/3.jpg"
        },
        {
            "time": 32,
            "file": "http://cdn.edstatic.com/202003120126/7b2090b939ed3fe002a0e3eed6e21376/2017/03/b2958b94-9943-6b80-6701-0b58a9e255ab/images/4.jpg"
        },
        {
            "time": 75,
            "file": "http://cdn.edstatic.com/202003120126/38489e038fe4a090c5b21d4474e35345/2017/03/b2958b94-9943-6b80-6701-0b58a9e255ab/images/5.jpg"
        },
        {
            "time": 87,
            "file": "http://cdn.edstatic.com/202003120126/9f7a2fe3420d3a33112913f5c8491588/2017/03/b2958b94-9943-6b80-6701-0b58a9e255ab/images/6.jpg"
        },
        {
            "time": 150,
            "file": "http://cdn.edstatic.com/202003120126/f1b0d732d5d41103de362ebfbb76dfd9/2017/03/b2958b94-9943-6b80-6701-0b58a9e255ab/images/7.jpg"
        },
        {
            "time": 184,
            "file": "http://cdn.edstatic.com/202003120126/fab6ce5c6f6c96ea83c65c5533ac7978/2017/03/b2958b94-9943-6b80-6701-0b58a9e255ab/images/8.jpg"
        },
        {
            "time": 198,
            "file": "http://cdn.edstatic.com/202003120126/969d47e0c368ae39d8fec5462b4cf568/2017/03/b2958b94-9943-6b80-6701-0b58a9e255ab/images/9.jpg"
        },
        {
            "time": 238,
            "file": "http://cdn.edstatic.com/202003120126/c95fc0cd3363a91fa584f64e8e9a12b8/2017/03/b2958b94-9943-6b80-6701-0b58a9e255ab/images/10.jpg"
        },
        {
            "time": 275,
            "file": "http://cdn.edstatic.com/202003120126/85e84963d82474c0c984493df03d9e88/2017/03/b2958b94-9943-6b80-6701-0b58a9e255ab/images/11.jpg"
        },
        {
            "time": 299,
            "file": "http://cdn.edstatic.com/202003120126/57d54520df8d69e8beabd83558de8aed/2017/03/b2958b94-9943-6b80-6701-0b58a9e255ab/images/12.jpg"
        },
        {
            "time": 327,
            "file": "http://cdn.edstatic.com/202003120126/c86301faabd2ece90bfc704bc0a8c572/2017/03/b2958b94-9943-6b80-6701-0b58a9e255ab/images/13.jpg"
        },
        {
            "time": 337,
            "file": "http://cdn.edstatic.com/202003120126/b86bef89bcdbd67770c45eaf750c8c83/2017/03/b2958b94-9943-6b80-6701-0b58a9e255ab/images/14.jpg"
        },
        {
            "time": 341,
            "file": "http://cdn.edstatic.com/202003120126/b46bade81f90ab0510d1fb861a8fb881/2017/03/b2958b94-9943-6b80-6701-0b58a9e255ab/images/15.jpg"
        },
        {
            "time": 382,
            "file": "http://cdn.edstatic.com/202003120126/34727adb2348fa3a8ab05b7df2e88325/2017/03/b2958b94-9943-6b80-6701-0b58a9e255ab/images/16.jpg"
        },
        {
            "time": 394,
            "file": "http://cdn.edstatic.com/202003120126/533db6e19bd53e927620bf6e317b0498/2017/03/b2958b94-9943-6b80-6701-0b58a9e255ab/images/17.jpg"
        },
        {
            "time": 443,
            "file": "http://cdn.edstatic.com/202003120126/afd117e511555121c77ada1e2e418e42/2017/03/b2958b94-9943-6b80-6701-0b58a9e255ab/images/18.jpg"
        },
        {
            "time": 498,
            "file": "http://cdn.edstatic.com/202003120126/83deef05f3a02e4fa7ac95c25cf6d511/2017/03/b2958b94-9943-6b80-6701-0b58a9e255ab/images/19.jpg"
        },
        {
            "time": 525,
            "file": "http://cdn.edstatic.com/202003120126/3d3f8f62a8a8116aeaddb882d8fa0949/2017/03/b2958b94-9943-6b80-6701-0b58a9e255ab/images/20.jpg"
        },
        {
            "time": 576,
            "file": "http://cdn.edstatic.com/202003120126/7096eca6bcc69b8dc3e06c390d899f62/2017/03/b2958b94-9943-6b80-6701-0b58a9e255ab/images/21.jpg"
        },
        {
            "time": 607,
            "file": "http://cdn.edstatic.com/202003120126/b62276ffbf50ae4982d3c02b64260414/2017/03/b2958b94-9943-6b80-6701-0b58a9e255ab/images/22.jpg"
        },
        {
            "time": 625,
            "file": "http://cdn.edstatic.com/202003120126/c59544568d689bfefc2a3f2743875547/2017/03/b2958b94-9943-6b80-6701-0b58a9e255ab/images/23.jpg"
        },
        {
            "time": 651,
            "file": "http://cdn.edstatic.com/202003120126/fbfdcaedffa08e6239d4287e04e70bd1/2017/03/b2958b94-9943-6b80-6701-0b58a9e255ab/images/24.jpg"
        },
        {
            "time": 655,
            "file": "http://cdn.edstatic.com/202003120126/2089e9941358365453fc5ca2da91ef9a/2017/03/b2958b94-9943-6b80-6701-0b58a9e255ab/images/25.jpg"
        },
        {
            "time": 686,
            "file": "http://cdn.edstatic.com/202003120126/dc288db19833352f653352806904829b/2017/03/b2958b94-9943-6b80-6701-0b58a9e255ab/images/26.jpg"
        },
        {
            "time": 702,
            "file": "http://cdn.edstatic.com/202003120126/8c80caeba33584dc60c110628a57f68f/2017/03/b2958b94-9943-6b80-6701-0b58a9e255ab/images/27.jpg"
        },
        {
            "time": 718,
            "file": "http://cdn.edstatic.com/202003120126/812ff6c1be50a699d7d95ee97a55ed73/2017/03/b2958b94-9943-6b80-6701-0b58a9e255ab/images/28.jpg"
        },
        {
            "time": 730,
            "file": "http://cdn.edstatic.com/202003120126/bad000630c457b140d8a25042970aaab/2017/03/b2958b94-9943-6b80-6701-0b58a9e255ab/images/29.jpg"
        },
        {
            "time": 751,
            "file": "http://cdn.edstatic.com/202003120126/d09b1b5d4cd45de9a4f0702f04c1a244/2017/03/b2958b94-9943-6b80-6701-0b58a9e255ab/images/30.jpg"
        },
        {
            "time": 762,
            "file": "http://cdn.edstatic.com/202003120126/db48416dda5978466e2840c24efde1d0/2017/03/b2958b94-9943-6b80-6701-0b58a9e255ab/images/31.jpg"
        },
        {
            "time": 798,
            "file": "http://cdn.edstatic.com/202003120126/9ae703618cd26e66ec1800de63f2c8b9/2017/03/b2958b94-9943-6b80-6701-0b58a9e255ab/images/32.jpg"
        },
        {
            "time": 799,
            "file": "http://cdn.edstatic.com/202003120126/2cf82c261d6f36c47fab386b86966205/2017/03/b2958b94-9943-6b80-6701-0b58a9e255ab/images/33.jpg"
        },
        {
            "time": 801,
            "file": "http://cdn.edstatic.com/202003120126/3b4b145ba8be1faae72d7b2abebb5be7/2017/03/b2958b94-9943-6b80-6701-0b58a9e255ab/images/34.jpg"
        },
        {
            "time": 828,
            "file": "http://cdn.edstatic.com/202003120126/c72e9d2e50f6ac45330cac7b6548afbe/2017/03/b2958b94-9943-6b80-6701-0b58a9e255ab/images/35.jpg"
        },
        {
            "time": 842,
            "file": "http://cdn.edstatic.com/202003120126/77cf72de66b015af84164e596eadae3a/2017/03/b2958b94-9943-6b80-6701-0b58a9e255ab/images/36.jpg"
        },
        {
            "time": 879,
            "file": "http://cdn.edstatic.com/202003120126/e975528bdda47714f65bc0e3efb66b78/2017/03/b2958b94-9943-6b80-6701-0b58a9e255ab/images/37.jpg"
        },
        {
            "time": 888,
            "file": "http://cdn.edstatic.com/202003120126/5fc5bb049d23b5c4f0ead729e5ffdc34/2017/03/b2958b94-9943-6b80-6701-0b58a9e255ab/images/38.jpg"
        },
        {
            "time": 907,
            "file": "http://cdn.edstatic.com/202003120126/30c31848ff02e48f4f8a78fdf8792e4d/2017/03/b2958b94-9943-6b80-6701-0b58a9e255ab/images/39.jpg"
        },
        {
            "time": 929,
            "file": "http://cdn.edstatic.com/202003120126/e6faed92290dfdc990a9cc4db5983b4f/2017/03/b2958b94-9943-6b80-6701-0b58a9e255ab/images/40.jpg"
        },
        {
            "time": 943,
            "file": "http://cdn.edstatic.com/202003120126/97f90e1d0fd8bef5f09fc03231c34599/2017/03/b2958b94-9943-6b80-6701-0b58a9e255ab/images/41.jpg"
        },
        {
            "time": 954,
            "file": "http://cdn.edstatic.com/202003120126/d3d6ba3fafd0428ee6603ceb0c7e1912/2017/03/b2958b94-9943-6b80-6701-0b58a9e255ab/images/42.jpg"
        },
        {
            "time": 974,
            "file": "http://cdn.edstatic.com/202003120126/6bafb349b1ac0b0b65737523364e007a/2017/03/b2958b94-9943-6b80-6701-0b58a9e255ab/images/43.jpg"
        },
        {
            "time": 1000,
            "file": "http://cdn.edstatic.com/202003120126/b6854a024e88d3bb4e31a06d250a9fd5/2017/03/b2958b94-9943-6b80-6701-0b58a9e255ab/images/44.jpg"
        },
        {
            "time": 1005,
            "file": "http://cdn.edstatic.com/202003120126/b6a5b86c04ba68e7bf336e27a6c3a9c9/2017/03/b2958b94-9943-6b80-6701-0b58a9e255ab/images/45.jpg"
        },
        {
            "time": 1023,
            "file": "http://cdn.edstatic.com/202003120126/dc1f302162f62c28af95e563653c7aa6/2017/03/b2958b94-9943-6b80-6701-0b58a9e255ab/images/46.jpg"
        },
        {
            "time": 1030,
            "file": "http://cdn.edstatic.com/202003120126/436a729ce66ecc6d798a7a32679dd9a6/2017/03/b2958b94-9943-6b80-6701-0b58a9e255ab/images/47.jpg"
        },
        {
            "time": 1046,
            "file": "http://cdn.edstatic.com/202003120126/2275ea5aa5644f3f4e49328760f903ee/2017/03/b2958b94-9943-6b80-6701-0b58a9e255ab/images/48.jpg"
        },
        {
            "time": 1057,
            "file": "http://cdn.edstatic.com/202003120126/c47194a55e4c6eea12a3f97f26a29fbe/2017/03/b2958b94-9943-6b80-6701-0b58a9e255ab/images/49.jpg"
        },
        {
            "time": 1070,
            "file": "http://cdn.edstatic.com/202003120126/1b693972c1dfdbee653798056824c5da/2017/03/b2958b94-9943-6b80-6701-0b58a9e255ab/images/50.jpg"
        },
        {
            "time": 1078,
            "file": "http://cdn.edstatic.com/202003120126/e9b05c5d48d2edbf88da78717f433017/2017/03/b2958b94-9943-6b80-6701-0b58a9e255ab/images/51.jpg"
        },
        {
            "time": 1096,
            "file": "http://cdn.edstatic.com/202003120126/b649767b99723f3a29ff34763ff20afa/2017/03/b2958b94-9943-6b80-6701-0b58a9e255ab/images/52.jpg"
        },
        {
            "time": 1100,
            "file": "http://cdn.edstatic.com/202003120126/30fb588039b8bc8244a9af5dde30ebab/2017/03/b2958b94-9943-6b80-6701-0b58a9e255ab/images/53.jpg"
        },
        {
            "time": 1160,
            "file": "http://cdn.edstatic.com/202003120126/fc51ed345677cd8c7d898cb8a20376b7/2017/03/b2958b94-9943-6b80-6701-0b58a9e255ab/images/54.jpg"
        },
        {
            "time": 1194,
            "file": "http://cdn.edstatic.com/202003120126/f29ad04cb2291bb374eb19c4e25a6b13/2017/03/b2958b94-9943-6b80-6701-0b58a9e255ab/images/55.jpg"
        },
        {
            "time": 1208,
            "file": "http://cdn.edstatic.com/202003120126/242fe922258ca96dcf1222e206761659/2017/03/b2958b94-9943-6b80-6701-0b58a9e255ab/images/56.jpg"
        },
        {
            "time": 1236,
            "file": "http://cdn.edstatic.com/202003120126/7d22e685c50a0d1433fea6688ff5da78/2017/03/b2958b94-9943-6b80-6701-0b58a9e255ab/images/57.jpg"
        },
        {
            "time": 1282,
            "file": "http://cdn.edstatic.com/202003120126/dfd745e1b0029a6b6110665512781c0f/2017/03/b2958b94-9943-6b80-6701-0b58a9e255ab/images/58.jpg"
        },
        {
            "time": 1297,
            "file": "http://cdn.edstatic.com/202003120126/323dffeff871b3bdc40a29126eb7d392/2017/03/b2958b94-9943-6b80-6701-0b58a9e255ab/images/59.jpg"
        },
        {
            "time": 1309,
            "file": "http://cdn.edstatic.com/202003120126/65a0f66685cd26a71d370938e0699c4b/2017/03/b2958b94-9943-6b80-6701-0b58a9e255ab/images/60.jpg"
        },
        {
            "time": 1323,
            "file": "http://cdn.edstatic.com/202003120126/0011b740996eed0652942ab547889750/2017/03/b2958b94-9943-6b80-6701-0b58a9e255ab/images/61.jpg"
        }
    ]
}
