<?xml version="1.0"?>
<doc>
    <assembly>
        <name>eDoctor.SDK.Mail</name>
    </assembly>
    <members>
        <member name="T:eDoctor.SDK.Mail.Help.ConstParamter">
            <summary>
             阿里云 config 配置参数
            </summary>
        </member>
        <member name="P:eDoctor.SDK.Mail.Help.ConstParamter.AccessKeyID">
            <summary>
            可选 - 阿里云账号 AccessKeyID
            </summary>
        </member>
        <member name="P:eDoctor.SDK.Mail.Help.ConstParamter.AccessKeySecret">
            <summary>
            可选 - 阿里云账号 AccessKeySecret
            </summary>
        </member>
        <member name="P:eDoctor.SDK.Mail.Help.ConstParamter.SendAddress">
            <summary>
            可选 - 控制台创建的发信地址
            </summary>
        </member>
        <member name="P:eDoctor.SDK.Mail.Help.ConstParamter.DisplayName">
            <summary>
            可选 - 控制台创建的发信昵称
            </summary>
        </member>
        <member name="P:eDoctor.SDK.Mail.Help.ConstParamter.TagName">
            <summary>
            可选 - 控制台创建的标签
            </summary>
        </member>
        <member name="P:eDoctor.SDK.Mail.Help.ConstParamter.Password">
            <summary>
            可选 - 控制台设置的SMTP密码
            </summary>
        </member>
        <member name="P:eDoctor.SDK.Mail.Help.ConstParamter.AddressType">
            <summary>
            可选 - 取值范围0~1: 0为随机账号(推荐,可以更好的统计退信情况);1为发信地址(默认为1)
            </summary>
        </member>
        <member name="P:eDoctor.SDK.Mail.Help.ConstParamter.ReplyToAddress">
            <summary>
            可选 - 是否使用管理控制台中配置的回信地址（状态必须是验证通过  默认为true）
            </summary>
        </member>
        <member name="M:eDoctor.SDK.Mail.Help.ConstParamter.#ctor">
            <summary>
            构造函数    默认config配置链接名称为:connectionMailString
            </summary>
        </member>
        <member name="M:eDoctor.SDK.Mail.Help.ConstParamter.#ctor(System.String)">
            <summary>
            构造函数
            </summary>
            <param name="connectionMailString">配置文件链接参数</param>
        </member>
        <member name="T:eDoctor.SDK.Mail.Help.HttpHelper">
            <summary>
            HttpHelper类
            </summary>
        </member>
        <member name="M:eDoctor.SDK.Mail.Help.HttpHelper.GetRequest(System.String,System.String,System.String)">
            <summary>
            获取HttpRequest
            </summary>
            <param name="url"></param>
            <param name="param"></param>
            <param name="method"></param>
            <returns></returns>
        </member>
        <member name="M:eDoctor.SDK.Mail.Help.HttpHelper.GetCookies(System.String)">
            <summary>
            获取cookies
            </summary>
            <param name="url"></param>
            <returns></returns>
        </member>
        <member name="M:eDoctor.SDK.Mail.Help.HttpHelper.HttpPost(System.String,System.String)">
            <summary>
            POST
            </summary>
            <param name="Url"></param>
            <param name="postDataStr"></param>
            <returns></returns>
        </member>
        <member name="M:eDoctor.SDK.Mail.Help.HttpHelper.HttpGet(System.String,System.String)">
            <summary>
            GET
            </summary>
            <param name="Url"></param>
            <param name="postDataStr"></param>
            <returns></returns>
        </member>
        <member name="T:eDoctor.SDK.Mail.Model.MailApiModel">
            <summary>
            单一发信接口  MailApi 参数帮助类
            </summary>
        </member>
        <member name="P:eDoctor.SDK.Mail.Model.MailApiModel.ToEmail">
            <summary>
            必须 - 电子邮件收件人的地址集合
            </summary>
        </member>
        <member name="P:eDoctor.SDK.Mail.Model.MailApiModel.Subject">
            <summary>
            必须 - 邮件主题
            </summary>
        </member>
        <member name="P:eDoctor.SDK.Mail.Model.MailApiModel.Body">
            <summary>
            必须 - 邮件正文(可以是html/text)
            </summary>
        </member>
        <member name="P:eDoctor.SDK.Mail.Model.MailApiModel.IsBodyHtml">
            <summary>
            必须 - 邮件内容格式是否为Html 否则为Text (初始化默认为 True)
            </summary>
        </member>
        <member name="M:eDoctor.SDK.Mail.Model.MailApiModel.#ctor">
            <summary>
            构造函数
            </summary>
        </member>
        <member name="T:eDoctor.SDK.Mail.Model.MailsApiModel">
            <summary>
            批量发信接口  MailsApi 参数帮助类
            </summary>
        </member>
        <member name="P:eDoctor.SDK.Mail.Model.MailsApiModel.TemplateName">
            <summary>
            必须 - 预先创建且通过审核的模板名称
            </summary>
        </member>
        <member name="P:eDoctor.SDK.Mail.Model.MailsApiModel.ReceiversName">
            <summary>
            必须 - 预先创建且上传了收件人的收件人列表名称
            </summary>
        </member>
        <member name="T:eDoctor.SDK.Mail.Model.MailSmtpModel">
            <summary>
            通过smtp协议发送带附件的邮件  MailSmtp 参数帮助类
            </summary>
        </member>
        <member name="M:eDoctor.SDK.Mail.Model.MailSmtpModel.#ctor">
            <summary>
            构造函数
            </summary>
        </member>
        <member name="P:eDoctor.SDK.Mail.Model.MailSmtpModel.ToEmail">
            <summary>
            必须 - 电子邮件收件人的地址集合
            </summary>
        </member>
        <member name="P:eDoctor.SDK.Mail.Model.MailSmtpModel.CcEmail">
            <summary>
            可选 - 电子邮件抄送(CC)收件人的地址集合
            </summary>
        </member>
        <member name="P:eDoctor.SDK.Mail.Model.MailSmtpModel.Attachments">
            <summary>
            可选 - 获取用于存储附加到此电子邮件的数据的附件地址集合
            </summary>
        </member>
        <member name="P:eDoctor.SDK.Mail.Model.MailSmtpModel.Subject">
            <summary>
            可选 - 邮件主题
            </summary>
        </member>
        <member name="P:eDoctor.SDK.Mail.Model.MailSmtpModel.Body">
            <summary>
            必须 - 邮件正文(可以是html/text)
            </summary>
        </member>
        <member name="P:eDoctor.SDK.Mail.Model.MailSmtpModel.IsBodyHtml">
            <summary>
            必须 - 邮件内容格式是否为Html 否则为Text (初始化默认为 True)
            </summary>
        </member>
        <member name="T:eDoctor.SDK.Mail.Model.SmsModel">
            <summary>
            单一发短信接口 SmsApi 参数帮助类
            </summary>
        </member>
        <member name="P:eDoctor.SDK.Mail.Model.SmsModel.SignName">
            <summary>
            String	必须	管理控制台中配置的短信签名（状态必须是验证通过）
            </summary>
        </member>
        <member name="P:eDoctor.SDK.Mail.Model.SmsModel.TemplateCode">
            <summary>
            String	必须	管理控制台中配置的审核通过的短信模板的模板CODE（状态必须是验证通过）
            </summary>
        </member>
        <member name="P:eDoctor.SDK.Mail.Model.SmsModel.RecNum">
            <summary>
            String	必须	目标手机号，多个手机号可以逗号分隔
            </summary>
        </member>
        <member name="P:eDoctor.SDK.Mail.Model.SmsModel.ParamString">
            <summary>
            String	必选	短信模板中的变量，个人用户每个变量长度必须小于15个字符 例如:短信模板为：“接受短信验证码${no}”,此参数传递{“no”:”123456”}，用户将接收到[短信签名]接受短信验证码123456
            </summary>
        </member>
        <member name="T:eDoctor.SDK.Mail.Send">
            <summary>
            阿里云邮件推送
            </summary>
        </member>
        <member name="F:eDoctor.SDK.Mail.Send._param">
            <summary>
            config 参数
            </summary>
        </member>
        <member name="M:eDoctor.SDK.Mail.Send.#ctor">
            <summary>
            构造函数   默认config配置链接名称为:connectionMailString
            </summary>
        </member>
        <member name="M:eDoctor.SDK.Mail.Send.#ctor(System.String)">
            <summary>
            构造函数
            </summary>
            <param name="connectionMailString">config 配置的链接名称</param>
        </member>
        <member name="M:eDoctor.SDK.Mail.Send.MailSmtp(eDoctor.SDK.Mail.Model.MailSmtpModel)">
            <summary>
            通过smtp协议发送带附件的邮件
            </summary>
            <param name="_mail">邮件参数</param>
        </member>
        <member name="M:eDoctor.SDK.Mail.Send.MailApi(eDoctor.SDK.Mail.Model.MailApiModel)">
            <summary>
            单一发信接口
            </summary>
            <param name="_mail">邮件参数</param>
        </member>
        <member name="M:eDoctor.SDK.Mail.Send.MailsApi(eDoctor.SDK.Mail.Model.MailsApiModel)">
            <summary>
            批量发信接口
            </summary>
            <param name="_mail">邮件参数</param>
            <returns></returns>
        </member>
        <member name="T:eDoctor.SDK.Mail.Sends">
            <summary>
            发邮件
            </summary>
        </member>
        <member name="F:eDoctor.SDK.Mail.Sends._param">
            <summary>
            config 参数
            </summary>
        </member>
        <member name="F:eDoctor.SDK.Mail.Sends._mail">
            <summary>
            邮件自定义参数
            </summary>
        </member>
        <member name="F:eDoctor.SDK.Mail.Sends.Signature">
            <summary>
            签名
            </summary>
        </member>
        <member name="F:eDoctor.SDK.Mail.Sends.HTTPMethod">
            <summary>
            
            </summary>
        </member>
        <member name="M:eDoctor.SDK.Mail.Sends.#ctor">
            <summary>
            构造函数   默认config配置链接名称为:connectionMailString
            </summary>
        </member>
        <member name="M:eDoctor.SDK.Mail.Sends.#ctor(System.String)">
            <summary>
            构造函数
            </summary>
            <param name="connectionMailString">config 配置的链接名称</param>
        </member>
        <member name="M:eDoctor.SDK.Mail.Sends.MailApi(eDoctor.SDK.Mail.Model.MailApiModel)">
            <summary>
            单一发信接口(签名算法有误,不可用)
            </summary>
            <param name="mail">邮件参数</param>
        </member>
        <member name="M:eDoctor.SDK.Mail.Sends.GetParam">
            <summary>
            请求参数
            </summary>
            <returns></returns>
        </member>
        <member name="M:eDoctor.SDK.Mail.Sends.GetSignature">
            <summary>
            GetSignature
            </summary>
            <returns></returns>
        </member>
        <member name="M:eDoctor.SDK.Mail.Sends.HmacSha1(System.String,System.String)">
            <summary>
            生成hmacsha1的散列
            </summary>
            <param name="word">待转化的字符</param>
            <param name="key">用于计算 HMAC 的 Key </param>
            <returns></returns>
        </member>
        <member name="M:eDoctor.SDK.Mail.Sends.GetStringToSign">
            <summary>
            计算签名的字符串
            </summary>
            <returns></returns>
        </member>
        <member name="M:eDoctor.SDK.Mail.Sends.CanonicalizedQueryString">
            <summary>
            请求参数构造规范化的请求字符串（Canonicalized Query String）
            </summary>
            <returns></returns>
        </member>
        <member name="T:Url">
            <summary>
            Url
            </summary>
        </member>
        <member name="M:Url.ToUrl(System.String)">
            <summary>
            实现时可以直接使用这类方式进行编码，把编码后的字符串中加号（+）替换成%20、星号（*）替换成%2A、%7E 替换回波浪号（~），即可得到上述规则描述的编码字符串
            </summary>
            <param name="value">待编码的字符</param>
            <returns></returns>
        </member>
        <member name="M:Url.IsNullOrBlank(System.String)">
            <summary>
            判断字符串是否为空
            </summary>
            <param name="value"></param>
            <returns></returns>
        </member>
    </members>
</doc>
