{
    "id": 2,
    "title": "结直肠癌疾病基础与治疗",
    "source": [
        {
            "type": "video/mp4",
            "src": "https://cdn.vhdong.com/roche-h5/02/media/live.mp4",
            "label": "演讲",
            "res": 2
        },
        {
            "type": "video/mp4",
            "src": "https://cdn.vhdong.com/roche-h5/02/media/slide.mp4",
            "label": "幻灯",
            "res": 1
        }
    ],
    "timeline": [
        {
            "time": 0,
            "file": "https://cdn.vhdong.com/roche-h5/02/images/1.jpg"
        },
        {
            "time": 23,
            "file": "https://cdn.vhdong.com/roche-h5/02/images/2.jpg"
        },
        {
            "time": 24,
            "file": "https://cdn.vhdong.com/roche-h5/02/images/3.jpg"
        },
        {
            "time": 26,
            "file": "https://cdn.vhdong.com/roche-h5/02/images/4.jpg"
        },
        {
            "time": 27,
            "file": "https://cdn.vhdong.com/roche-h5/02/images/5.jpg"
        },
        {
            "time": 88,
            "file": "https://cdn.vhdong.com/roche-h5/02/images/6.jpg"
        },
        {
            "time": 116,
            "file": "https://cdn.vhdong.com/roche-h5/02/images/7.jpg"
        },
        {
            "time": 161,
            "file": "https://cdn.vhdong.com/roche-h5/02/images/8.jpg"
        },
        {
            "time": 304,
            "file": "https://cdn.vhdong.com/roche-h5/02/images/9.jpg"
        },
        {
            "time": 452,
            "file": "https://cdn.vhdong.com/roche-h5/02/images/10.jpg"
        },
        {
            "time": 560,
            "file": "https://cdn.vhdong.com/roche-h5/02/images/11.jpg"
        },
        {
            "time": 596,
            "file": "https://cdn.vhdong.com/roche-h5/02/images/12.jpg"
        },
        {
            "time": 672,
            "file": "https://cdn.vhdong.com/roche-h5/02/images/13.jpg"
        },
        {
            "time": 879,
            "file": "https://cdn.vhdong.com/roche-h5/02/images/14.jpg"
        },
        {
            "time": 928,
            "file": "https://cdn.vhdong.com/roche-h5/02/images/15.jpg"
        },
        {
            "time": 943,
            "file": "https://cdn.vhdong.com/roche-h5/02/images/16.jpg"
        },
        {
            "time": 1072,
            "file": "https://cdn.vhdong.com/roche-h5/02/images/17.jpg"
        },
        {
            "time": 1241,
            "file": "https://cdn.vhdong.com/roche-h5/02/images/18.jpg"
        },
        {
            "time": 1247,
            "file": "https://cdn.vhdong.com/roche-h5/02/images/19.jpg"
        },
        {
            "time": 1249,
            "file": "https://cdn.vhdong.com/roche-h5/02/images/20.jpg"
        },
        {
            "time": 1300,
            "file": "https://cdn.vhdong.com/roche-h5/02/images/21.jpg"
        },
        {
            "time": 1309,
            "file": "https://cdn.vhdong.com/roche-h5/02/images/22.jpg"
        },
        {
            "time": 1344,
            "file": "https://cdn.vhdong.com/roche-h5/02/images/23.jpg"
        },
        {
            "time": 1352,
            "file": "https://cdn.vhdong.com/roche-h5/02/images/24.jpg"
        },
        {
            "time": 1416,
            "file": "https://cdn.vhdong.com/roche-h5/02/images/25.jpg"
        },
        {
            "time": 1428,
            "file": "https://cdn.vhdong.com/roche-h5/02/images/26.jpg"
        },
        {
            "time": 1435,
            "file": "https://cdn.vhdong.com/roche-h5/02/images/27.jpg"
        },
        {
            "time": 1459,
            "file": "https://cdn.vhdong.com/roche-h5/02/images/28.jpg"
        },
        {
            "time": 1463,
            "file": "https://cdn.vhdong.com/roche-h5/02/images/29.jpg"
        },
        {
            "time": 1476,
            "file": "https://cdn.vhdong.com/roche-h5/02/images/30.jpg"
        },
        {
            "time": 1508,
            "file": "https://cdn.vhdong.com/roche-h5/02/images/31.jpg"
        },
        {
            "time": 1518,
            "file": "https://cdn.vhdong.com/roche-h5/02/images/32.jpg"
        },
        {
            "time": 1525,
            "file": "https://cdn.vhdong.com/roche-h5/02/images/33.jpg"
        },
        {
            "time": 1544,
            "file": "https://cdn.vhdong.com/roche-h5/02/images/34.jpg"
        },
        {
            "time": 1557,
            "file": "https://cdn.vhdong.com/roche-h5/02/images/35.jpg"
        },
        {
            "time": 1587,
            "file": "https://cdn.vhdong.com/roche-h5/02/images/36.jpg"
        },
        {
            "time": 1591,
            "file": "https://cdn.vhdong.com/roche-h5/02/images/37.jpg"
        },
        {
            "time": 1613,
            "file": "https://cdn.vhdong.com/roche-h5/02/images/38.jpg"
        },
        {
            "time": 1623,
            "file": "https://cdn.vhdong.com/roche-h5/02/images/39.jpg"
        },
        {
            "time": 1680,
            "file": "https://cdn.vhdong.com/roche-h5/02/images/40.jpg"
        },
        {
            "time": 1683,
            "file": "https://cdn.vhdong.com/roche-h5/02/images/41.jpg"
        },
        {
            "time": 1716,
            "file": "https://cdn.vhdong.com/roche-h5/02/images/42.jpg"
        },
        {
            "time": 1723,
            "file": "https://cdn.vhdong.com/roche-h5/02/images/43.jpg"
        },
        {
            "time": 1748,
            "file": "https://cdn.vhdong.com/roche-h5/02/images/44.jpg"
        },
        {
            "time": 1789,
            "file": "https://cdn.vhdong.com/roche-h5/02/images/45.jpg"
        },
        {
            "time": 1794,
            "file": "https://cdn.vhdong.com/roche-h5/02/images/46.jpg"
        },
        {
            "time": 1916,
            "file": "https://cdn.vhdong.com/roche-h5/02/images/47.jpg"
        },
        {
            "time": 1922,
            "file": "https://cdn.vhdong.com/roche-h5/02/images/48.jpg"
        },
        {
            "time": 1949,
            "file": "https://cdn.vhdong.com/roche-h5/02/images/49.jpg"
        },
        {
            "time": 1954,
            "file": "https://cdn.vhdong.com/roche-h5/02/images/50.jpg"
        },
        {
            "time": 2006,
            "file": "https://cdn.vhdong.com/roche-h5/02/images/51.jpg"
        },
        {
            "time": 2008,
            "file": "https://cdn.vhdong.com/roche-h5/02/images/52.jpg"
        },
        {
            "time": 2037,
            "file": "https://cdn.vhdong.com/roche-h5/02/images/53.jpg"
        }
    ]
}
