{
    "id": 3,
    "title": "安维汀结直肠癌关键临床研究解读",
    "source": [
        {
            "type": "video/mp4",
            "src": "https://cdn.vhdong.com/roche-h5/03/media/live.mp4",
            "label": "演讲",
            "res": 2
        },
        {
            "type": "video/mp4",
            "src": "https://cdn.vhdong.com/roche-h5/03/media/slide.mp4",
            "label": "幻灯",
            "res": 1
        }
    ],
    "timeline": [
        {
            "time": 0,
            "file": "https://cdn.vhdong.com/roche-h5/03/images/1.jpg"
        },
        {
            "time": 30,
            "file": "https://cdn.vhdong.com/roche-h5/03/images/2.jpg"
        },
        {
            "time": 31,
            "file": "https://cdn.vhdong.com/roche-h5/03/images/3.jpg"
        },
        {
            "time": 32,
            "file": "https://cdn.vhdong.com/roche-h5/03/images/4.jpg"
        },
        {
            "time": 75,
            "file": "https://cdn.vhdong.com/roche-h5/03/images/5.jpg"
        },
        {
            "time": 87,
            "file": "https://cdn.vhdong.com/roche-h5/03/images/6.jpg"
        },
        {
            "time": 150,
            "file": "https://cdn.vhdong.com/roche-h5/03/images/7.jpg"
        },
        {
            "time": 184,
            "file": "https://cdn.vhdong.com/roche-h5/03/images/8.jpg"
        },
        {
            "time": 198,
            "file": "https://cdn.vhdong.com/roche-h5/03/images/9.jpg"
        },
        {
            "time": 238,
            "file": "https://cdn.vhdong.com/roche-h5/03/images/10.jpg"
        },
        {
            "time": 275,
            "file": "https://cdn.vhdong.com/roche-h5/03/images/11.jpg"
        },
        {
            "time": 299,
            "file": "https://cdn.vhdong.com/roche-h5/03/images/12.jpg"
        },
        {
            "time": 327,
            "file": "https://cdn.vhdong.com/roche-h5/03/images/13.jpg"
        },
        {
            "time": 337,
            "file": "https://cdn.vhdong.com/roche-h5/03/images/14.jpg"
        },
        {
            "time": 341,
            "file": "https://cdn.vhdong.com/roche-h5/03/images/15.jpg"
        },
        {
            "time": 382,
            "file": "https://cdn.vhdong.com/roche-h5/03/images/16.jpg"
        },
        {
            "time": 394,
            "file": "https://cdn.vhdong.com/roche-h5/03/images/17.jpg"
        },
        {
            "time": 443,
            "file": "https://cdn.vhdong.com/roche-h5/03/images/18.jpg"
        },
        {
            "time": 498,
            "file": "https://cdn.vhdong.com/roche-h5/03/images/19.jpg"
        },
        {
            "time": 525,
            "file": "https://cdn.vhdong.com/roche-h5/03/images/20.jpg"
        },
        {
            "time": 576,
            "file": "https://cdn.vhdong.com/roche-h5/03/images/21.jpg"
        },
        {
            "time": 607,
            "file": "https://cdn.vhdong.com/roche-h5/03/images/22.jpg"
        },
        {
            "time": 625,
            "file": "https://cdn.vhdong.com/roche-h5/03/images/23.jpg"
        },
        {
            "time": 651,
            "file": "https://cdn.vhdong.com/roche-h5/03/images/24.jpg"
        },
        {
            "time": 655,
            "file": "https://cdn.vhdong.com/roche-h5/03/images/25.jpg"
        },
        {
            "time": 686,
            "file": "https://cdn.vhdong.com/roche-h5/03/images/26.jpg"
        },
        {
            "time": 702,
            "file": "https://cdn.vhdong.com/roche-h5/03/images/27.jpg"
        },
        {
            "time": 718,
            "file": "https://cdn.vhdong.com/roche-h5/03/images/28.jpg"
        },
        {
            "time": 730,
            "file": "https://cdn.vhdong.com/roche-h5/03/images/29.jpg"
        },
        {
            "time": 751,
            "file": "https://cdn.vhdong.com/roche-h5/03/images/30.jpg"
        },
        {
            "time": 762,
            "file": "https://cdn.vhdong.com/roche-h5/03/images/31.jpg"
        },
        {
            "time": 798,
            "file": "https://cdn.vhdong.com/roche-h5/03/images/32.jpg"
        },
        {
            "time": 799,
            "file": "https://cdn.vhdong.com/roche-h5/03/images/33.jpg"
        },
        {
            "time": 801,
            "file": "https://cdn.vhdong.com/roche-h5/03/images/34.jpg"
        },
        {
            "time": 828,
            "file": "https://cdn.vhdong.com/roche-h5/03/images/35.jpg"
        },
        {
            "time": 842,
            "file": "https://cdn.vhdong.com/roche-h5/03/images/36.jpg"
        },
        {
            "time": 879,
            "file": "https://cdn.vhdong.com/roche-h5/03/images/37.jpg"
        },
        {
            "time": 888,
            "file": "https://cdn.vhdong.com/roche-h5/03/images/38.jpg"
        },
        {
            "time": 907,
            "file": "https://cdn.vhdong.com/roche-h5/03/images/39.jpg"
        },
        {
            "time": 929,
            "file": "https://cdn.vhdong.com/roche-h5/03/images/40.jpg"
        },
        {
            "time": 943,
            "file": "https://cdn.vhdong.com/roche-h5/03/images/41.jpg"
        },
        {
            "time": 954,
            "file": "https://cdn.vhdong.com/roche-h5/03/images/42.jpg"
        },
        {
            "time": 974,
            "file": "https://cdn.vhdong.com/roche-h5/03/images/43.jpg"
        },
        {
            "time": 1000,
            "file": "https://cdn.vhdong.com/roche-h5/03/images/44.jpg"
        },
        {
            "time": 1005,
            "file": "https://cdn.vhdong.com/roche-h5/03/images/45.jpg"
        },
        {
            "time": 1023,
            "file": "https://cdn.vhdong.com/roche-h5/03/images/46.jpg"
        },
        {
            "time": 1030,
            "file": "https://cdn.vhdong.com/roche-h5/03/images/47.jpg"
        },
        {
            "time": 1046,
            "file": "https://cdn.vhdong.com/roche-h5/03/images/48.jpg"
        },
        {
            "time": 1057,
            "file": "https://cdn.vhdong.com/roche-h5/03/images/49.jpg"
        },
        {
            "time": 1070,
            "file": "https://cdn.vhdong.com/roche-h5/03/images/50.jpg"
        },
        {
            "time": 1078,
            "file": "https://cdn.vhdong.com/roche-h5/03/images/51.jpg"
        },
        {
            "time": 1096,
            "file": "https://cdn.vhdong.com/roche-h5/03/images/52.jpg"
        },
        {
            "time": 1100,
            "file": "https://cdn.vhdong.com/roche-h5/03/images/53.jpg"
        },
        {
            "time": 1160,
            "file": "https://cdn.vhdong.com/roche-h5/03/images/54.jpg"
        },
        {
            "time": 1194,
            "file": "https://cdn.vhdong.com/roche-h5/03/images/55.jpg"
        },
        {
            "time": 1208,
            "file": "https://cdn.vhdong.com/roche-h5/03/images/56.jpg"
        },
        {
            "time": 1236,
            "file": "https://cdn.vhdong.com/roche-h5/03/images/57.jpg"
        },
        {
            "time": 1282,
            "file": "https://cdn.vhdong.com/roche-h5/03/images/58.jpg"
        },
        {
            "time": 1297,
            "file": "https://cdn.vhdong.com/roche-h5/03/images/59.jpg"
        },
        {
            "time": 1309,
            "file": "https://cdn.vhdong.com/roche-h5/03/images/60.jpg"
        },
        {
            "time": 1323,
            "file": "https://cdn.vhdong.com/roche-h5/03/images/61.jpg"
        }
    ]
}
