{
  "id": 1,
  "title": "贝伐珠单抗效及安全性数据简介(新代表培训)",
  "source": [
    {
      "type": "video/mp4",
      "src": "https://cdn.vhdong.com/roche-h5/01/media/live.mp4",
      "label": "演讲",
      "res": 2
    },
    {
      "type": "video/mp4",
      "src": "https://cdn.vhdong.com/roche-h5/01/media/slide.mp4",
      "label": "幻灯",
      "res": 1
    }
  ],
  "timeline": [
    {
      "time": 0,
      "file": "https://cdn.vhdong.com/roche-h5/01/images/1.jpg"
    },
    {
      "time": 15,
      "file": "https://cdn.vhdong.com/roche-h5/01/images/2.jpg"
    },
    {
      "time": 45,
      "file": "https://cdn.vhdong.com/roche-h5/01/images/3.jpg"
    },
    {
      "time": 75,
      "file": "https://cdn.vhdong.com/roche-h5/01/images/4.jpg"
    },
    {
      "time": 135,
      "file": "https://cdn.vhdong.com/roche-h5/01/images/5.jpg"
    },
    {
      "time": 149,
      "file": "https://cdn.vhdong.com/roche-h5/01/images/6.jpg"
    },
    {
      "time": 299,
      "file": "https://cdn.vhdong.com/roche-h5/01/images/7.jpg"
    },
    {
      "time": 401,
      "file": "https://cdn.vhdong.com/roche-h5/01/images/8.jpg"
    },
    {
      "time": 458,
      "file": "https://cdn.vhdong.com/roche-h5/01/images/9.jpg"
    },
    {
      "time": 516,
      "file": "https://cdn.vhdong.com/roche-h5/01/images/10.jpg"
    },
    {
      "time": 570,
      "file": "https://cdn.vhdong.com/roche-h5/01/images/11.jpg"
    },
    {
      "time": 580,
      "file": "https://cdn.vhdong.com/roche-h5/01/images/12.jpg"
    },
    {
      "time": 597,
      "file": "https://cdn.vhdong.com/roche-h5/01/images/13.jpg"
    },
    {
      "time": 885,
      "file": "https://cdn.vhdong.com/roche-h5/01/images/14.jpg"
    },
    {
      "time": 1050,
      "file": "https://cdn.vhdong.com/roche-h5/01/images/15.jpg"
    },
    {
      "time": 1072,
      "file": "https://cdn.vhdong.com/roche-h5/01/images/16.jpg"
    },
    {
      "time": 1159,
      "file": "https://cdn.vhdong.com/roche-h5/01/images/17.jpg"
    },
    {
      "time": 1175,
      "file": "https://cdn.vhdong.com/roche-h5/01/images/18.jpg"
    },
    {
      "time": 1216,
      "file": "https://cdn.vhdong.com/roche-h5/01/images/19.jpg"
    },
    {
      "time": 1233,
      "file": "https://cdn.vhdong.com/roche-h5/01/images/20.jpg"
    },
    {
      "time": 1289,
      "file": "https://cdn.vhdong.com/roche-h5/01/images/21.jpg"
    },
    {
      "time": 1354,
      "file": "https://cdn.vhdong.com/roche-h5/01/images/22.jpg"
    },
    {
      "time": 1480,
      "file": "https://cdn.vhdong.com/roche-h5/01/images/23.jpg"
    },
    {
      "time": 1502,
      "file": "https://cdn.vhdong.com/roche-h5/01/images/24.jpg"
    },
    {
      "time": 1548,
      "file": "https://cdn.vhdong.com/roche-h5/01/images/25.jpg"
    },
    {
      "time": 1609,
      "file": "https://cdn.vhdong.com/roche-h5/01/images/26.jpg"
    },
    {
      "time": 1614,
      "file": "https://cdn.vhdong.com/roche-h5/01/images/27.jpg"
    },
    {
      "time": 1709,
      "file": "https://cdn.vhdong.com/roche-h5/01/images/28.jpg"
    },
    {
      "time": 1769,
      "file": "https://cdn.vhdong.com/roche-h5/01/images/29.jpg"
    },
    {
      "time": 1785,
      "file": "https://cdn.vhdong.com/roche-h5/01/images/30.jpg"
    },
    {
      "time": 1835,
      "file": "https://cdn.vhdong.com/roche-h5/01/images/31.jpg"
    },
    {
      "time": 1901,
      "file": "https://cdn.vhdong.com/roche-h5/01/images/32.jpg"
    },
    {
      "time": 1979,
      "file": "https://cdn.vhdong.com/roche-h5/01/images/33.jpg"
    },
    {
      "time": 2002,
      "file": "https://cdn.vhdong.com/roche-h5/01/images/34.jpg"
    },
    {
      "time": 2095,
      "file": "https://cdn.vhdong.com/roche-h5/01/images/35.jpg"
    },
    {
      "time": 2134,
      "file": "https://cdn.vhdong.com/roche-h5/01/images/36.jpg"
    },
    {
      "time": 2190,
      "file": "https://cdn.vhdong.com/roche-h5/01/images/37.jpg"
    },
    {
      "time": 2244,
      "file": "https://cdn.vhdong.com/roche-h5/01/images/38.jpg"
    },
    {
      "time": 2281,
      "file": "https://cdn.vhdong.com/roche-h5/01/images/39.jpg"
    },
    {
      "time": 2317,
      "file": "https://cdn.vhdong.com/roche-h5/01/images/40.jpg"
    },
    {
      "time": 2393,
      "file": "https://cdn.vhdong.com/roche-h5/01/images/41.jpg"
    },
    {
      "time": 2498,
      "file": "https://cdn.vhdong.com/roche-h5/01/images/42.jpg"
    },
    {
      "time": 2581,
      "file": "https://cdn.vhdong.com/roche-h5/01/images/43.jpg"
    },
    {
      "time": 2835,
      "file": "https://cdn.vhdong.com/roche-h5/01/images/44.jpg"
    },
    {
      "time": 2958,
      "file": "https://cdn.vhdong.com/roche-h5/01/images/45.jpg"
    },
    {
      "time": 3110,
      "file": "https://cdn.vhdong.com/roche-h5/01/images/46.jpg"
    },
    {
      "time": 3147,
      "file": "https://cdn.vhdong.com/roche-h5/01/images/47.jpg"
    },
    {
      "time": 3233,
      "file": "https://cdn.vhdong.com/roche-h5/01/images/48.jpg"
    },
    {
      "time": 3275,
      "file": "https://cdn.vhdong.com/roche-h5/01/images/49.jpg"
    }
  ]
}
